나가,0,0,-500,NNG+JKS,*,F,나가,Inflect,NNG,JKS,나/NNG/*+가/JKS/*
나를,0,0,-500,NNG+JKO,*,T,나를,Inflect,NNG,JKO,나/NNG/*+를/JKO/*
나는,0,0,-500,NNG+JX,*,T,나는,Inflect,NNG,JX,나/NNG/*+는/JX/*
나도,0,0,-500,NNG+JX,*,F,나도,Inflect,NNG,JX,나/NNG/*+도/JX/*
나만,0,0,-500,NNG+JX,*,T,나만,Inflect,NNG,JX,나/NNG/*+만/JX/*
나에,0,0,-500,NNG+JKB,*,F,나에,Inflect,NNG,JKB,나/NNG/*+에/JKB/*
나에서,0,0,-500,NNG+JKB,*,F,나에서,Inflect,NNG,JKB,나/NNG/*+에서/JKB/*
나로,0,0,-500,NNG+JKB,*,F,나로,Inflect,NNG,JKB,나/NNG/*+로/JKB/*
나의,0,0,-500,NNG+JKG,*,F,나의,Inflect,NNG,JKG,나/NNG/*+의/JKG/*
나와,0,0,-500,NNG+JC,*,F,나와,Inflect,NNG,JC,나/NNG/*+와/JC/*
너가,0,0,-500,NNG+JKS,*,F,너가,Inflect,NNG,JKS,너/NNG/*+가/JKS/*
너를,0,0,-500,NNG+JKO,*,T,너를,Inflect,NNG,JKO,너/NNG/*+를/JKO/*
너는,0,0,-500,NNG+JX,*,T,너는,Inflect,NNG,JX,너/NNG/*+는/JX/*
너도,0,0,-500,NNG+JX,*,F,너도,Inflect,NNG,JX,너/NNG/*+도/JX/*
너만,0,0,-500,NNG+JX,*,T,너만,Inflect,NNG,JX,너/NNG/*+만/JX/*
너에,0,0,-500,NNG+JKB,*,F,너에,Inflect,NNG,JKB,너/NNG/*+에/JKB/*
너에서,0,0,-500,NNG+JKB,*,F,너에서,Inflect,NNG,JKB,너/NNG/*+에서/JKB/*
너로,0,0,-500,NNG+JKB,*,F,너로,Inflect,NNG,JKB,너/NNG/*+로/JKB/*
너의,0,0,-500,NNG+JKG,*,F,너의,Inflect,NNG,JKG,너/NNG/*+의/JKG/*
너와,0,0,-500,NNG+JC,*,F,너와,Inflect,NNG,JC,너/NNG/*+와/JC/*
저가,0,0,-500,NNG+JKS,*,F,저가,Inflect,NNG,JKS,저/NNG/*+가/JKS/*
저를,0,0,-500,NNG+JKO,*,T,저를,Inflect,NNG,JKO,저/NNG/*+를/JKO/*
저는,0,0,-500,NNG+JX,*,T,저는,Inflect,NNG,JX,저/NNG/*+는/JX/*
저도,0,0,-500,NNG+JX,*,F,저도,Inflect,NNG,JX,저/NNG/*+도/JX/*
저만,0,0,-500,NNG+JX,*,T,저만,Inflect,NNG,JX,저/NNG/*+만/JX/*
저에,0,0,-500,NNG+JKB,*,F,저에,Inflect,NNG,JKB,저/NNG/*+에/JKB/*
저에서,0,0,-500,NNG+JKB,*,F,저에서,Inflect,NNG,JKB,저/NNG/*+에서/JKB/*
저로,0,0,-500,NNG+JKB,*,F,저로,Inflect,NNG,JKB,저/NNG/*+로/JKB/*
저의,0,0,-500,NNG+JKG,*,F,저의,Inflect,NNG,JKG,저/NNG/*+의/JKG/*
저와,0,0,-500,NNG+JC,*,F,저와,Inflect,NNG,JC,저/NNG/*+와/JC/*
우리가,0,0,-500,NNG+JKS,*,F,우리가,Inflect,NNG,JKS,우리/NNG/*+가/JKS/*
우리를,0,0,-500,NNG+JKO,*,T,우리를,Inflect,NNG,JKO,우리/NNG/*+를/JKO/*
우리는,0,0,-500,NNG+JX,*,T,우리는,Inflect,NNG,JX,우리/NNG/*+는/JX/*
우리도,0,0,-500,NNG+JX,*,F,우리도,Inflect,NNG,JX,우리/NNG/*+도/JX/*
우리만,0,0,-500,NNG+JX,*,T,우리만,Inflect,NNG,JX,우리/NNG/*+만/JX/*
우리에,0,0,-500,NNG+JKB,*,F,우리에,Inflect,NNG,JKB,우리/NNG/*+에/JKB/*
우리에서,0,0,-500,NNG+JKB,*,F,우리에서,Inflect,NNG,JKB,우리/NNG/*+에서/JKB/*
우리로,0,0,-500,NNG+JKB,*,F,우리로,Inflect,NNG,JKB,우리/NNG/*+로/JKB/*
우리의,0,0,-500,NNG+JKG,*,F,우리의,Inflect,NNG,JKG,우리/NNG/*+의/JKG/*
우리와,0,0,-500,NNG+JC,*,F,우리와,Inflect,NNG,JC,우리/NNG/*+와/JC/*
그가,0,0,-500,NNG+JKS,*,F,그가,Inflect,NNG,JKS,그/NNG/*+가/JKS/*
그를,0,0,-500,NNG+JKO,*,T,그를,Inflect,NNG,JKO,그/NNG/*+를/JKO/*
그는,0,0,-500,NNG+JX,*,T,그는,Inflect,NNG,JX,그/NNG/*+는/JX/*
그도,0,0,-500,NNG+JX,*,F,그도,Inflect,NNG,JX,그/NNG/*+도/JX/*
그만,0,0,-500,NNG+JX,*,T,그만,Inflect,NNG,JX,그/NNG/*+만/JX/*
그에,0,0,-500,NNG+JKB,*,F,그에,Inflect,NNG,JKB,그/NNG/*+에/JKB/*
그에서,0,0,-500,NNG+JKB,*,F,그에서,Inflect,NNG,JKB,그/NNG/*+에서/JKB/*
그로,0,0,-500,NNG+JKB,*,F,그로,Inflect,NNG,JKB,그/NNG/*+로/JKB/*
그의,0,0,-500,NNG+JKG,*,F,그의,Inflect,NNG,JKG,그/NNG/*+의/JKG/*
그와,0,0,-500,NNG+JC,*,F,그와,Inflect,NNG,JC,그/NNG/*+와/JC/*
이것이,0,0,-500,NNG+JKS,*,F,이것이,Inflect,NNG,JKS,이것/NNG/*+이/JKS/*
이것을,0,0,-500,NNG+JKO,*,T,이것을,Inflect,NNG,JKO,이것/NNG/*+을/JKO/*
이것은,0,0,-500,NNG+JX,*,T,이것은,Inflect,NNG,JX,이것/NNG/*+은/JX/*
이것도,0,0,-500,NNG+JX,*,F,이것도,Inflect,NNG,JX,이것/NNG/*+도/JX/*
이것만,0,0,-500,NNG+JX,*,T,이것만,Inflect,NNG,JX,이것/NNG/*+만/JX/*
이것에,0,0,-500,NNG+JKB,*,F,이것에,Inflect,NNG,JKB,이것/NNG/*+에/JKB/*
이것에서,0,0,-500,NNG+JKB,*,F,이것에서,Inflect,NNG,JKB,이것/NNG/*+에서/JKB/*
이것으로,0,0,-500,NNG+JKB,*,F,이것으로,Inflect,NNG,JKB,이것/NNG/*+으로/JKB/*
이것의,0,0,-500,NNG+JKG,*,F,이것의,Inflect,NNG,JKG,이것/NNG/*+의/JKG/*
이것과,0,0,-500,NNG+JC,*,F,이것과,Inflect,NNG,JC,이것/NNG/*+과/JC/*
저것이,0,0,-500,NNG+JKS,*,F,저것이,Inflect,NNG,JKS,저것/NNG/*+이/JKS/*
저것을,0,0,-500,NNG+JKO,*,T,저것을,Inflect,NNG,JKO,저것/NNG/*+을/JKO/*
저것은,0,0,-500,NNG+JX,*,T,저것은,Inflect,NNG,JX,저것/NNG/*+은/JX/*
저것도,0,0,-500,NNG+JX,*,F,저것도,Inflect,NNG,JX,저것/NNG/*+도/JX/*
저것만,0,0,-500,NNG+JX,*,T,저것만,Inflect,NNG,JX,저것/NNG/*+만/JX/*
저것에,0,0,-500,NNG+JKB,*,F,저것에,Inflect,NNG,JKB,저것/NNG/*+에/JKB/*
저것에서,0,0,-500,NNG+JKB,*,F,저것에서,Inflect,NNG,JKB,저것/NNG/*+에서/JKB/*
저것으로,0,0,-500,NNG+JKB,*,F,저것으로,Inflect,NNG,JKB,저것/NNG/*+으로/JKB/*
저것의,0,0,-500,NNG+JKG,*,F,저것의,Inflect,NNG,JKG,저것/NNG/*+의/JKG/*
저것과,0,0,-500,NNG+JC,*,F,저것과,Inflect,NNG,JC,저것/NNG/*+과/JC/*
그것이,0,0,-500,NNG+JKS,*,F,그것이,Inflect,NNG,JKS,그것/NNG/*+이/JKS/*
그것을,0,0,-500,NNG+JKO,*,T,그것을,Inflect,NNG,JKO,그것/NNG/*+을/JKO/*
그것은,0,0,-500,NNG+JX,*,T,그것은,Inflect,NNG,JX,그것/NNG/*+은/JX/*
그것도,0,0,-500,NNG+JX,*,F,그것도,Inflect,NNG,JX,그것/NNG/*+도/JX/*
그것만,0,0,-500,NNG+JX,*,T,그것만,Inflect,NNG,JX,그것/NNG/*+만/JX/*
그것에,0,0,-500,NNG+JKB,*,F,그것에,Inflect,NNG,JKB,그것/NNG/*+에/JKB/*
그것에서,0,0,-500,NNG+JKB,*,F,그것에서,Inflect,NNG,JKB,그것/NNG/*+에서/JKB/*
그것으로,0,0,-500,NNG+JKB,*,F,그것으로,Inflect,NNG,JKB,그것/NNG/*+으로/JKB/*
그것의,0,0,-500,NNG+JKG,*,F,그것의,Inflect,NNG,JKG,그것/NNG/*+의/JKG/*
그것과,0,0,-500,NNG+JC,*,F,그것과,Inflect,NNG,JC,그것/NNG/*+과/JC/*
누구가,0,0,-500,NNG+JKS,*,F,누구가,Inflect,NNG,JKS,누구/NNG/*+가/JKS/*
누구를,0,0,-500,NNG+JKO,*,T,누구를,Inflect,NNG,JKO,누구/NNG/*+를/JKO/*
누구는,0,0,-500,NNG+JX,*,T,누구는,Inflect,NNG,JX,누구/NNG/*+는/JX/*
누구도,0,0,-500,NNG+JX,*,F,누구도,Inflect,NNG,JX,누구/NNG/*+도/JX/*
누구만,0,0,-500,NNG+JX,*,T,누구만,Inflect,NNG,JX,누구/NNG/*+만/JX/*
누구에,0,0,-500,NNG+JKB,*,F,누구에,Inflect,NNG,JKB,누구/NNG/*+에/JKB/*
누구에서,0,0,-500,NNG+JKB,*,F,누구에서,Inflect,NNG,JKB,누구/NNG/*+에서/JKB/*
누구로,0,0,-500,NNG+JKB,*,F,누구로,Inflect,NNG,JKB,누구/NNG/*+로/JKB/*
누구의,0,0,-500,NNG+JKG,*,F,누구의,Inflect,NNG,JKG,누구/NNG/*+의/JKG/*
누구와,0,0,-500,NNG+JC,*,F,누구와,Inflect,NNG,JC,누구/NNG/*+와/JC/*
무엇이,0,0,-500,NNG+JKS,*,F,무엇이,Inflect,NNG,JKS,무엇/NNG/*+이/JKS/*
무엇을,0,0,-500,NNG+JKO,*,T,무엇을,Inflect,NNG,JKO,무엇/NNG/*+을/JKO/*
무엇은,0,0,-500,NNG+JX,*,T,무엇은,Inflect,NNG,JX,무엇/NNG/*+은/JX/*
무엇도,0,0,-500,NNG+JX,*,F,무엇도,Inflect,NNG,JX,무엇/NNG/*+도/JX/*
무엇만,0,0,-500,NNG+JX,*,T,무엇만,Inflect,NNG,JX,무엇/NNG/*+만/JX/*
무엇에,0,0,-500,NNG+JKB,*,F,무엇에,Inflect,NNG,JKB,무엇/NNG/*+에/JKB/*
무엇에서,0,0,-500,NNG+JKB,*,F,무엇에서,Inflect,NNG,JKB,무엇/NNG/*+에서/JKB/*
무엇으로,0,0,-500,NNG+JKB,*,F,무엇으로,Inflect,NNG,JKB,무엇/NNG/*+으로/JKB/*
무엇의,0,0,-500,NNG+JKG,*,F,무엇의,Inflect,NNG,JKG,무엇/NNG/*+의/JKG/*
무엇과,0,0,-500,NNG+JC,*,F,무엇과,Inflect,NNG,JC,무엇/NNG/*+과/JC/*
사람이,0,0,-500,NNG+JKS,*,F,사람이,Inflect,NNG,JKS,사람/NNG/*+이/JKS/*
사람을,0,0,-500,NNG+JKO,*,T,사람을,Inflect,NNG,JKO,사람/NNG/*+을/JKO/*
사람은,0,0,-500,NNG+JX,*,T,사람은,Inflect,NNG,JX,사람/NNG/*+은/JX/*
사람도,0,0,-500,NNG+JX,*,F,사람도,Inflect,NNG,JX,사람/NNG/*+도/JX/*
사람만,0,0,-500,NNG+JX,*,T,사람만,Inflect,NNG,JX,사람/NNG/*+만/JX/*
사람에,0,0,-500,NNG+JKB,*,F,사람에,Inflect,NNG,JKB,사람/NNG/*+에/JKB/*
사람에서,0,0,-500,NNG+JKB,*,F,사람에서,Inflect,NNG,JKB,사람/NNG/*+에서/JKB/*
사람으로,0,0,-500,NNG+JKB,*,F,사람으로,Inflect,NNG,JKB,사람/NNG/*+으로/JKB/*
사람의,0,0,-500,NNG+JKG,*,F,사람의,Inflect,NNG,JKG,사람/NNG/*+의/JKG/*
사람과,0,0,-500,NNG+JC,*,F,사람과,Inflect,NNG,JC,사람/NNG/*+과/JC/*
일이,0,0,-500,NNG+JKS,*,F,일이,Inflect,NNG,JKS,일/NNG/*+이/JKS/*
일을,0,0,-500,NNG+JKO,*,T,일을,Inflect,NNG,JKO,일/NNG/*+을/JKO/*
일은,0,0,-500,NNG+JX,*,T,일은,Inflect,NNG,JX,일/NNG/*+은/JX/*
일도,0,0,-500,NNG+JX,*,F,일도,Inflect,NNG,JX,일/NNG/*+도/JX/*
일만,0,0,-500,NNG+JX,*,T,일만,Inflect,NNG,JX,일/NNG/*+만/JX/*
일에,0,0,-500,NNG+JKB,*,F,일에,Inflect,NNG,JKB,일/NNG/*+에/JKB/*
일에서,0,0,-500,NNG+JKB,*,F,일에서,Inflect,NNG,JKB,일/NNG/*+에서/JKB/*
일으로,0,0,-500,NNG+JKB,*,F,일으로,Inflect,NNG,JKB,일/NNG/*+으로/JKB/*
일의,0,0,-500,NNG+JKG,*,F,일의,Inflect,NNG,JKG,일/NNG/*+의/JKG/*
일과,0,0,-500,NNG+JC,*,F,일과,Inflect,NNG,JC,일/NNG/*+과/JC/*
말이,0,0,-500,NNG+JKS,*,F,말이,Inflect,NNG,JKS,말/NNG/*+이/JKS/*
말을,0,0,-500,NNG+JKO,*,T,말을,Inflect,NNG,JKO,말/NNG/*+을/JKO/*
말은,0,0,-500,NNG+JX,*,T,말은,Inflect,NNG,JX,말/NNG/*+은/JX/*
말도,0,0,-500,NNG+JX,*,F,말도,Inflect,NNG,JX,말/NNG/*+도/JX/*
말만,0,0,-500,NNG+JX,*,T,말만,Inflect,NNG,JX,말/NNG/*+만/JX/*
말에,0,0,-500,NNG+JKB,*,F,말에,Inflect,NNG,JKB,말/NNG/*+에/JKB/*
말에서,0,0,-500,NNG+JKB,*,F,말에서,Inflect,NNG,JKB,말/NNG/*+에서/JKB/*
말으로,0,0,-500,NNG+JKB,*,F,말으로,Inflect,NNG,JKB,말/NNG/*+으로/JKB/*
말의,0,0,-500,NNG+JKG,*,F,말의,Inflect,NNG,JKG,말/NNG/*+의/JKG/*
말과,0,0,-500,NNG+JC,*,F,말과,Inflect,NNG,JC,말/NNG/*+과/JC/*
시간이,0,0,-500,NNG+JKS,*,F,시간이,Inflect,NNG,JKS,시간/NNG/*+이/JKS/*
시간을,0,0,-500,NNG+JKO,*,T,시간을,Inflect,NNG,JKO,시간/NNG/*+을/JKO/*
시간은,0,0,-500,NNG+JX,*,T,시간은,Inflect,NNG,JX,시간/NNG/*+은/JX/*
시간도,0,0,-500,NNG+JX,*,F,시간도,Inflect,NNG,JX,시간/NNG/*+도/JX/*
시간만,0,0,-500,NNG+JX,*,T,시간만,Inflect,NNG,JX,시간/NNG/*+만/JX/*
시간에,0,0,-500,NNG+JKB,*,F,시간에,Inflect,NNG,JKB,시간/NNG/*+에/JKB/*
시간에서,0,0,-500,NNG+JKB,*,F,시간에서,Inflect,NNG,JKB,시간/NNG/*+에서/JKB/*
시간으로,0,0,-500,NNG+JKB,*,F,시간으로,Inflect,NNG,JKB,시간/NNG/*+으로/JKB/*
시간의,0,0,-500,NNG+JKG,*,F,시간의,Inflect,NNG,JKG,시간/NNG/*+의/JKG/*
시간과,0,0,-500,NNG+JC,*,F,시간과,Inflect,NNG,JC,시간/NNG/*+과/JC/*
년이,0,0,-500,NNG+JKS,*,F,년이,Inflect,NNG,JKS,년/NNG/*+이/JKS/*
년을,0,0,-500,NNG+JKO,*,T,년을,Inflect,NNG,JKO,년/NNG/*+을/JKO/*
년은,0,0,-500,NNG+JX,*,T,년은,Inflect,NNG,JX,년/NNG/*+은/JX/*
년도,0,0,-500,NNG+JX,*,F,년도,Inflect,NNG,JX,년/NNG/*+도/JX/*
년만,0,0,-500,NNG+JX,*,T,년만,Inflect,NNG,JX,년/NNG/*+만/JX/*
년에,0,0,-500,NNG+JKB,*,F,년에,Inflect,NNG,JKB,년/NNG/*+에/JKB/*
년에서,0,0,-500,NNG+JKB,*,F,년에서,Inflect,NNG,JKB,년/NNG/*+에서/JKB/*
년으로,0,0,-500,NNG+JKB,*,F,년으로,Inflect,NNG,JKB,년/NNG/*+으로/JKB/*
년의,0,0,-500,NNG+JKG,*,F,년의,Inflect,NNG,JKG,년/NNG/*+의/JKG/*
년과,0,0,-500,NNG+JC,*,F,년과,Inflect,NNG,JC,년/NNG/*+과/JC/*
집이,0,0,-500,NNG+JKS,*,F,집이,Inflect,NNG,JKS,집/NNG/*+이/JKS/*
집을,0,0,-500,NNG+JKO,*,T,집을,Inflect,NNG,JKO,집/NNG/*+을/JKO/*
집은,0,0,-500,NNG+JX,*,T,집은,Inflect,NNG,JX,집/NNG/*+은/JX/*
집도,0,0,-500,NNG+JX,*,F,집도,Inflect,NNG,JX,집/NNG/*+도/JX/*
집만,0,0,-500,NNG+JX,*,T,집만,Inflect,NNG,JX,집/NNG/*+만/JX/*
집에,0,0,-500,NNG+JKB,*,F,집에,Inflect,NNG,JKB,집/NNG/*+에/JKB/*
집에서,0,0,-500,NNG+JKB,*,F,집에서,Inflect,NNG,JKB,집/NNG/*+에서/JKB/*
집으로,0,0,-500,NNG+JKB,*,F,집으로,Inflect,NNG,JKB,집/NNG/*+으로/JKB/*
집의,0,0,-500,NNG+JKG,*,F,집의,Inflect,NNG,JKG,집/NNG/*+의/JKG/*
집과,0,0,-500,NNG+JC,*,F,집과,Inflect,NNG,JC,집/NNG/*+과/JC/*
물이,0,0,-500,NNG+JKS,*,F,물이,Inflect,NNG,JKS,물/NNG/*+이/JKS/*
물을,0,0,-500,NNG+JKO,*,T,물을,Inflect,NNG,JKO,물/NNG/*+을/JKO/*
물은,0,0,-500,NNG+JX,*,T,물은,Inflect,NNG,JX,물/NNG/*+은/JX/*
물도,0,0,-500,NNG+JX,*,F,물도,Inflect,NNG,JX,물/NNG/*+도/JX/*
물만,0,0,-500,NNG+JX,*,T,물만,Inflect,NNG,JX,물/NNG/*+만/JX/*
물에,0,0,-500,NNG+JKB,*,F,물에,Inflect,NNG,JKB,물/NNG/*+에/JKB/*
물에서,0,0,-500,NNG+JKB,*,F,물에서,Inflect,NNG,JKB,물/NNG/*+에서/JKB/*
물으로,0,0,-500,NNG+JKB,*,F,물으로,Inflect,NNG,JKB,물/NNG/*+으로/JKB/*
물의,0,0,-500,NNG+JKG,*,F,물의,Inflect,NNG,JKG,물/NNG/*+의/JKG/*
물과,0,0,-500,NNG+JC,*,F,물과,Inflect,NNG,JC,물/NNG/*+과/JC/*
문제가,0,0,-500,NNG+JKS,*,F,문제가,Inflect,NNG,JKS,문제/NNG/*+가/JKS/*
문제를,0,0,-500,NNG+JKO,*,T,문제를,Inflect,NNG,JKO,문제/NNG/*+를/JKO/*
문제는,0,0,-500,NNG+JX,*,T,문제는,Inflect,NNG,JX,문제/NNG/*+는/JX/*
문제도,0,0,-500,NNG+JX,*,F,문제도,Inflect,NNG,JX,문제/NNG/*+도/JX/*
문제만,0,0,-500,NNG+JX,*,T,문제만,Inflect,NNG,JX,문제/NNG/*+만/JX/*
문제에,0,0,-500,NNG+JKB,*,F,문제에,Inflect,NNG,JKB,문제/NNG/*+에/JKB/*
문제에서,0,0,-500,NNG+JKB,*,F,문제에서,Inflect,NNG,JKB,문제/NNG/*+에서/JKB/*
문제로,0,0,-500,NNG+JKB,*,F,문제로,Inflect,NNG,JKB,문제/NNG/*+로/JKB/*
문제의,0,0,-500,NNG+JKG,*,F,문제의,Inflect,NNG,JKG,문제/NNG/*+의/JKG/*
문제와,0,0,-500,NNG+JC,*,F,문제와,Inflect,NNG,JC,문제/NNG/*+와/JC/*
생각이,0,0,-500,NNG+JKS,*,F,생각이,Inflect,NNG,JKS,생각/NNG/*+이/JKS/*
생각을,0,0,-500,NNG+JKO,*,T,생각을,Inflect,NNG,JKO,생각/NNG/*+을/JKO/*
생각은,0,0,-500,NNG+JX,*,T,생각은,Inflect,NNG,JX,생각/NNG/*+은/JX/*
생각도,0,0,-500,NNG+JX,*,F,생각도,Inflect,NNG,JX,생각/NNG/*+도/JX/*
생각만,0,0,-500,NNG+JX,*,T,생각만,Inflect,NNG,JX,생각/NNG/*+만/JX/*
생각에,0,0,-500,NNG+JKB,*,F,생각에,Inflect,NNG,JKB,생각/NNG/*+에/JKB/*
생각에서,0,0,-500,NNG+JKB,*,F,생각에서,Inflect,NNG,JKB,생각/NNG/*+에서/JKB/*
생각으로,0,0,-500,NNG+JKB,*,F,생각으로,Inflect,NNG,JKB,생각/NNG/*+으로/JKB/*
생각의,0,0,-500,NNG+JKG,*,F,생각의,Inflect,NNG,JKG,생각/NNG/*+의/JKG/*
생각과,0,0,-500,NNG+JC,*,F,생각과,Inflect,NNG,JC,생각/NNG/*+과/JC/*
사회가,0,0,-500,NNG+JKS,*,F,사회가,Inflect,NNG,JKS,사회/NNG/*+가/JKS/*
사회를,0,0,-500,NNG+JKO,*,T,사회를,Inflect,NNG,JKO,사회/NNG/*+를/JKO/*
사회는,0,0,-500,NNG+JX,*,T,사회는,Inflect,NNG,JX,사회/NNG/*+는/JX/*
사회도,0,0,-500,NNG+JX,*,F,사회도,Inflect,NNG,JX,사회/NNG/*+도/JX/*
사회만,0,0,-500,NNG+JX,*,T,사회만,Inflect,NNG,JX,사회/NNG/*+만/JX/*
사회에,0,0,-500,NNG+JKB,*,F,사회에,Inflect,NNG,JKB,사회/NNG/*+에/JKB/*
사회에서,0,0,-500,NNG+JKB,*,F,사회에서,Inflect,NNG,JKB,사회/NNG/*+에서/JKB/*
사회로,0,0,-500,NNG+JKB,*,F,사회로,Inflect,NNG,JKB,사회/NNG/*+로/JKB/*
사회의,0,0,-500,NNG+JKG,*,F,사회의,Inflect,NNG,JKG,사회/NNG/*+의/JKG/*
사회와,0,0,-500,NNG+JC,*,F,사회와,Inflect,NNG,JC,사회/NNG/*+와/JC/*
나라가,0,0,-500,NNG+JKS,*,F,나라가,Inflect,NNG,JKS,나라/NNG/*+가/JKS/*
나라를,0,0,-500,NNG+JKO,*,T,나라를,Inflect,NNG,JKO,나라/NNG/*+를/JKO/*
나라는,0,0,-500,NNG+JX,*,T,나라는,Inflect,NNG,JX,나라/NNG/*+는/JX/*
나라도,0,0,-500,NNG+JX,*,F,나라도,Inflect,NNG,JX,나라/NNG/*+도/JX/*
나라만,0,0,-500,NNG+JX,*,T,나라만,Inflect,NNG,JX,나라/NNG/*+만/JX/*
나라에,0,0,-500,NNG+JKB,*,F,나라에,Inflect,NNG,JKB,나라/NNG/*+에/JKB/*
나라에서,0,0,-500,NNG+JKB,*,F,나라에서,Inflect,NNG,JKB,나라/NNG/*+에서/JKB/*
나라로,0,0,-500,NNG+JKB,*,F,나라로,Inflect,NNG,JKB,나라/NNG/*+로/JKB/*
나라의,0,0,-500,NNG+JKG,*,F,나라의,Inflect,NNG,JKG,나라/NNG/*+의/JKG/*
나라와,0,0,-500,NNG+JC,*,F,나라와,Inflect,NNG,JC,나라/NNG/*+와/JC/*
세계가,0,0,-500,NNG+JKS,*,F,세계가,Inflect,NNG,JKS,세계/NNG/*+가/JKS/*
세계를,0,0,-500,NNG+JKO,*,T,세계를,Inflect,NNG,JKO,세계/NNG/*+를/JKO/*
세계는,0,0,-500,NNG+JX,*,T,세계는,Inflect,NNG,JX,세계/NNG/*+는/JX/*
세계도,0,0,-500,NNG+JX,*,F,세계도,Inflect,NNG,JX,세계/NNG/*+도/JX/*
세계만,0,0,-500,NNG+JX,*,T,세계만,Inflect,NNG,JX,세계/NNG/*+만/JX/*
세계에,0,0,-500,NNG+JKB,*,F,세계에,Inflect,NNG,JKB,세계/NNG/*+에/JKB/*
세계에서,0,0,-500,NNG+JKB,*,F,세계에서,Inflect,NNG,JKB,세계/NNG/*+에서/JKB/*
세계로,0,0,-500,NNG+JKB,*,F,세계로,Inflect,NNG,JKB,세계/NNG/*+로/JKB/*
세계의,0,0,-500,NNG+JKG,*,F,세계의,Inflect,NNG,JKG,세계/NNG/*+의/JKG/*
세계와,0,0,-500,NNG+JC,*,F,세계와,Inflect,NNG,JC,세계/NNG/*+와/JC/*
학교가,0,0,-500,NNG+JKS,*,F,학교가,Inflect,NNG,JKS,학교/NNG/*+가/JKS/*
학교를,0,0,-500,NNG+JKO,*,T,학교를,Inflect,NNG,JKO,학교/NNG/*+를/JKO/*
학교는,0,0,-500,NNG+JX,*,T,학교는,Inflect,NNG,JX,학교/NNG/*+는/JX/*
학교도,0,0,-500,NNG+JX,*,F,학교도,Inflect,NNG,JX,학교/NNG/*+도/JX/*
학교만,0,0,-500,NNG+JX,*,T,학교만,Inflect,NNG,JX,학교/NNG/*+만/JX/*
학교에,0,0,-500,NNG+JKB,*,F,학교에,Inflect,NNG,JKB,학교/NNG/*+에/JKB/*
학교에서,0,0,-500,NNG+JKB,*,F,학교에서,Inflect,NNG,JKB,학교/NNG/*+에서/JKB/*
학교로,0,0,-500,NNG+JKB,*,F,학교로,Inflect,NNG,JKB,학교/NNG/*+로/JKB/*
학교의,0,0,-500,NNG+JKG,*,F,학교의,Inflect,NNG,JKG,학교/NNG/*+의/JKG/*
학교와,0,0,-500,NNG+JC,*,F,학교와,Inflect,NNG,JC,학교/NNG/*+와/JC/*
가족이,0,0,-500,NNG+JKS,*,F,가족이,Inflect,NNG,JKS,가족/NNG/*+이/JKS/*
가족을,0,0,-500,NNG+JKO,*,T,가족을,Inflect,NNG,JKO,가족/NNG/*+을/JKO/*
가족은,0,0,-500,NNG+JX,*,T,가족은,Inflect,NNG,JX,가족/NNG/*+은/JX/*
가족도,0,0,-500,NNG+JX,*,F,가족도,Inflect,NNG,JX,가족/NNG/*+도/JX/*
가족만,0,0,-500,NNG+JX,*,T,가족만,Inflect,NNG,JX,가족/NNG/*+만/JX/*
가족에,0,0,-500,NNG+JKB,*,F,가족에,Inflect,NNG,JKB,가족/NNG/*+에/JKB/*
가족에서,0,0,-500,NNG+JKB,*,F,가족에서,Inflect,NNG,JKB,가족/NNG/*+에서/JKB/*
가족으로,0,0,-500,NNG+JKB,*,F,가족으로,Inflect,NNG,JKB,가족/NNG/*+으로/JKB/*
가족의,0,0,-500,NNG+JKG,*,F,가족의,Inflect,NNG,JKG,가족/NNG/*+의/JKG/*
가족과,0,0,-500,NNG+JC,*,F,가족과,Inflect,NNG,JC,가족/NNG/*+과/JC/*
어머니가,0,0,-500,NNG+JKS,*,F,어머니가,Inflect,NNG,JKS,어머니/NNG/*+가/JKS/*
어머니를,0,0,-500,NNG+JKO,*,T,어머니를,Inflect,NNG,JKO,어머니/NNG/*+를/JKO/*
어머니는,0,0,-500,NNG+JX,*,T,어머니는,Inflect,NNG,JX,어머니/NNG/*+는/JX/*
어머니도,0,0,-500,NNG+JX,*,F,어머니도,Inflect,NNG,JX,어머니/NNG/*+도/JX/*
어머니만,0,0,-500,NNG+JX,*,T,어머니만,Inflect,NNG,JX,어머니/NNG/*+만/JX/*
어머니에,0,0,-500,NNG+JKB,*,F,어머니에,Inflect,NNG,JKB,어머니/NNG/*+에/JKB/*
어머니에서,0,0,-500,NNG+JKB,*,F,어머니에서,Inflect,NNG,JKB,어머니/NNG/*+에서/JKB/*
어머니로,0,0,-500,NNG+JKB,*,F,어머니로,Inflect,NNG,JKB,어머니/NNG/*+로/JKB/*
어머니의,0,0,-500,NNG+JKG,*,F,어머니의,Inflect,NNG,JKG,어머니/NNG/*+의/JKG/*
어머니와,0,0,-500,NNG+JC,*,F,어머니와,Inflect,NNG,JC,어머니/NNG/*+와/JC/*
아버지가,0,0,-500,NNG+JKS,*,F,아버지가,Inflect,NNG,JKS,아버지/NNG/*+가/JKS/*
아버지를,0,0,-500,NNG+JKO,*,T,아버지를,Inflect,NNG,JKO,아버지/NNG/*+를/JKO/*
아버지는,0,0,-500,NNG+JX,*,T,아버지는,Inflect,NNG,JX,아버지/NNG/*+는/JX/*
아버지도,0,0,-500,NNG+JX,*,F,아버지도,Inflect,NNG,JX,아버지/NNG/*+도/JX/*
아버지만,0,0,-500,NNG+JX,*,T,아버지만,Inflect,NNG,JX,아버지/NNG/*+만/JX/*
아버지에,0,0,-500,NNG+JKB,*,F,아버지에,Inflect,NNG,JKB,아버지/NNG/*+에/JKB/*
아버지에서,0,0,-500,NNG+JKB,*,F,아버지에서,Inflect,NNG,JKB,아버지/NNG/*+에서/JKB/*
아버지로,0,0,-500,NNG+JKB,*,F,아버지로,Inflect,NNG,JKB,아버지/NNG/*+로/JKB/*
아버지의,0,0,-500,NNG+JKG,*,F,아버지의,Inflect,NNG,JKG,아버지/NNG/*+의/JKG/*
아버지와,0,0,-500,NNG+JC,*,F,아버지와,Inflect,NNG,JC,아버지/NNG/*+와/JC/*
친구가,0,0,-500,NNG+JKS,*,F,친구가,Inflect,NNG,JKS,친구/NNG/*+가/JKS/*
친구를,0,0,-500,NNG+JKO,*,T,친구를,Inflect,NNG,JKO,친구/NNG/*+를/JKO/*
친구는,0,0,-500,NNG+JX,*,T,친구는,Inflect,NNG,JX,친구/NNG/*+는/JX/*
친구도,0,0,-500,NNG+JX,*,F,친구도,Inflect,NNG,JX,친구/NNG/*+도/JX/*
친구만,0,0,-500,NNG+JX,*,T,친구만,Inflect,NNG,JX,친구/NNG/*+만/JX/*
친구에,0,0,-500,NNG+JKB,*,F,친구에,Inflect,NNG,JKB,친구/NNG/*+에/JKB/*
친구에서,0,0,-500,NNG+JKB,*,F,친구에서,Inflect,NNG,JKB,친구/NNG/*+에서/JKB/*
친구로,0,0,-500,NNG+JKB,*,F,친구로,Inflect,NNG,JKB,친구/NNG/*+로/JKB/*
친구의,0,0,-500,NNG+JKG,*,F,친구의,Inflect,NNG,JKG,친구/NNG/*+의/JKG/*
친구와,0,0,-500,NNG+JC,*,F,친구와,Inflect,NNG,JC,친구/NNG/*+와/JC/*
여자가,0,0,-500,NNG+JKS,*,F,여자가,Inflect,NNG,JKS,여자/NNG/*+가/JKS/*
여자를,0,0,-500,NNG+JKO,*,T,여자를,Inflect,NNG,JKO,여자/NNG/*+를/JKO/*
여자는,0,0,-500,NNG+JX,*,T,여자는,Inflect,NNG,JX,여자/NNG/*+는/JX/*
여자도,0,0,-500,NNG+JX,*,F,여자도,Inflect,NNG,JX,여자/NNG/*+도/JX/*
여자만,0,0,-500,NNG+JX,*,T,여자만,Inflect,NNG,JX,여자/NNG/*+만/JX/*
여자에,0,0,-500,NNG+JKB,*,F,여자에,Inflect,NNG,JKB,여자/NNG/*+에/JKB/*
여자에서,0,0,-500,NNG+JKB,*,F,여자에서,Inflect,NNG,JKB,여자/NNG/*+에서/JKB/*
여자로,0,0,-500,NNG+JKB,*,F,여자로,Inflect,NNG,JKB,여자/NNG/*+로/JKB/*
여자의,0,0,-500,NNG+JKG,*,F,여자의,Inflect,NNG,JKG,여자/NNG/*+의/JKG/*
여자와,0,0,-500,NNG+JC,*,F,여자와,Inflect,NNG,JC,여자/NNG/*+와/JC/*
남자가,0,0,-500,NNG+JKS,*,F,남자가,Inflect,NNG,JKS,남자/NNG/*+가/JKS/*
남자를,0,0,-500,NNG+JKO,*,T,남자를,Inflect,NNG,JKO,남자/NNG/*+를/JKO/*
남자는,0,0,-500,NNG+JX,*,T,남자는,Inflect,NNG,JX,남자/NNG/*+는/JX/*
남자도,0,0,-500,NNG+JX,*,F,남자도,Inflect,NNG,JX,남자/NNG/*+도/JX/*
남자만,0,0,-500,NNG+JX,*,T,남자만,Inflect,NNG,JX,남자/NNG/*+만/JX/*
남자에,0,0,-500,NNG+JKB,*,F,남자에,Inflect,NNG,JKB,남자/NNG/*+에/JKB/*
남자에서,0,0,-500,NNG+JKB,*,F,남자에서,Inflect,NNG,JKB,남자/NNG/*+에서/JKB/*
남자로,0,0,-500,NNG+JKB,*,F,남자로,Inflect,NNG,JKB,남자/NNG/*+로/JKB/*
남자의,0,0,-500,NNG+JKG,*,F,남자의,Inflect,NNG,JKG,남자/NNG/*+의/JKG/*
남자와,0,0,-500,NNG+JC,*,F,남자와,Inflect,NNG,JC,남자/NNG/*+와/JC/*
아이가,0,0,-500,NNG+JKS,*,F,아이가,Inflect,NNG,JKS,아이/NNG/*+가/JKS/*
아이를,0,0,-500,NNG+JKO,*,T,아이를,Inflect,NNG,JKO,아이/NNG/*+를/JKO/*
아이는,0,0,-500,NNG+JX,*,T,아이는,Inflect,NNG,JX,아이/NNG/*+는/JX/*
아이도,0,0,-500,NNG+JX,*,F,아이도,Inflect,NNG,JX,아이/NNG/*+도/JX/*
아이만,0,0,-500,NNG+JX,*,T,아이만,Inflect,NNG,JX,아이/NNG/*+만/JX/*
아이에,0,0,-500,NNG+JKB,*,F,아이에,Inflect,NNG,JKB,아이/NNG/*+에/JKB/*
아이에서,0,0,-500,NNG+JKB,*,F,아이에서,Inflect,NNG,JKB,아이/NNG/*+에서/JKB/*
아이로,0,0,-500,NNG+JKB,*,F,아이로,Inflect,NNG,JKB,아이/NNG/*+로/JKB/*
아이의,0,0,-500,NNG+JKG,*,F,아이의,Inflect,NNG,JKG,아이/NNG/*+의/JKG/*
아이와,0,0,-500,NNG+JC,*,F,아이와,Inflect,NNG,JC,아이/NNG/*+와/JC/*
눈이,0,0,-500,NNG+JKS,*,F,눈이,Inflect,NNG,JKS,눈/NNG/*+이/JKS/*
눈을,0,0,-500,NNG+JKO,*,T,눈을,Inflect,NNG,JKO,눈/NNG/*+을/JKO/*
눈은,0,0,-500,NNG+JX,*,T,눈은,Inflect,NNG,JX,눈/NNG/*+은/JX/*
눈도,0,0,-500,NNG+JX,*,F,눈도,Inflect,NNG,JX,눈/NNG/*+도/JX/*
눈만,0,0,-500,NNG+JX,*,T,눈만,Inflect,NNG,JX,눈/NNG/*+만/JX/*
눈에,0,0,-500,NNG+JKB,*,F,눈에,Inflect,NNG,JKB,눈/NNG/*+에/JKB/*
눈에서,0,0,-500,NNG+JKB,*,F,눈에서,Inflect,NNG,JKB,눈/NNG/*+에서/JKB/*
눈으로,0,0,-500,NNG+JKB,*,F,눈으로,Inflect,NNG,JKB,눈/NNG/*+으로/JKB/*
눈의,0,0,-500,NNG+JKG,*,F,눈의,Inflect,NNG,JKG,눈/NNG/*+의/JKG/*
눈과,0,0,-500,NNG+JC,*,F,눈과,Inflect,NNG,JC,눈/NNG/*+과/JC/*
손이,0,0,-500,NNG+JKS,*,F,손이,Inflect,NNG,JKS,손/NNG/*+이/JKS/*
손을,0,0,-500,NNG+JKO,*,T,손을,Inflect,NNG,JKO,손/NNG/*+을/JKO/*
손은,0,0,-500,NNG+JX,*,T,손은,Inflect,NNG,JX,손/NNG/*+은/JX/*
손도,0,0,-500,NNG+JX,*,F,손도,Inflect,NNG,JX,손/NNG/*+도/JX/*
손만,0,0,-500,NNG+JX,*,T,손만,Inflect,NNG,JX,손/NNG/*+만/JX/*
손에,0,0,-500,NNG+JKB,*,F,손에,Inflect,NNG,JKB,손/NNG/*+에/JKB/*
손에서,0,0,-500,NNG+JKB,*,F,손에서,Inflect,NNG,JKB,손/NNG/*+에서/JKB/*
손으로,0,0,-500,NNG+JKB,*,F,손으로,Inflect,NNG,JKB,손/NNG/*+으로/JKB/*
손의,0,0,-500,NNG+JKG,*,F,손의,Inflect,NNG,JKG,손/NNG/*+의/JKG/*
손과,0,0,-500,NNG+JC,*,F,손과,Inflect,NNG,JC,손/NNG/*+과/JC/*
마음이,0,0,-500,NNG+JKS,*,F,마음이,Inflect,NNG,JKS,마음/NNG/*+이/JKS/*
마음을,0,0,-500,NNG+JKO,*,T,마음을,Inflect,NNG,JKO,마음/NNG/*+을/JKO/*
마음은,0,0,-500,NNG+JX,*,T,마음은,Inflect,NNG,JX,마음/NNG/*+은/JX/*
마음도,0,0,-500,NNG+JX,*,F,마음도,Inflect,NNG,JX,마음/NNG/*+도/JX/*
마음만,0,0,-500,NNG+JX,*,T,마음만,Inflect,NNG,JX,마음/NNG/*+만/JX/*
마음에,0,0,-500,NNG+JKB,*,F,마음에,Inflect,NNG,JKB,마음/NNG/*+에/JKB/*
마음에서,0,0,-500,NNG+JKB,*,F,마음에서,Inflect,NNG,JKB,마음/NNG/*+에서/JKB/*
마음으로,0,0,-500,NNG+JKB,*,F,마음으로,Inflect,NNG,JKB,마음/NNG/*+으로/JKB/*
마음의,0,0,-500,NNG+JKG,*,F,마음의,Inflect,NNG,JKG,마음/NNG/*+의/JKG/*
마음과,0,0,-500,NNG+JC,*,F,마음과,Inflect,NNG,JC,마음/NNG/*+과/JC/*
정신이,0,0,-500,NNG+JKS,*,F,정신이,Inflect,NNG,JKS,정신/NNG/*+이/JKS/*
정신을,0,0,-500,NNG+JKO,*,T,정신을,Inflect,NNG,JKO,정신/NNG/*+을/JKO/*
정신은,0,0,-500,NNG+JX,*,T,정신은,Inflect,NNG,JX,정신/NNG/*+은/JX/*
정신도,0,0,-500,NNG+JX,*,F,정신도,Inflect,NNG,JX,정신/NNG/*+도/JX/*
정신만,0,0,-500,NNG+JX,*,T,정신만,Inflect,NNG,JX,정신/NNG/*+만/JX/*
정신에,0,0,-500,NNG+JKB,*,F,정신에,Inflect,NNG,JKB,정신/NNG/*+에/JKB/*
정신에서,0,0,-500,NNG+JKB,*,F,정신에서,Inflect,NNG,JKB,정신/NNG/*+에서/JKB/*
정신으로,0,0,-500,NNG+JKB,*,F,정신으로,Inflect,NNG,JKB,정신/NNG/*+으로/JKB/*
정신의,0,0,-500,NNG+JKG,*,F,정신의,Inflect,NNG,JKG,정신/NNG/*+의/JKG/*
정신과,0,0,-500,NNG+JC,*,F,정신과,Inflect,NNG,JC,정신/NNG/*+과/JC/*
힘이,0,0,-500,NNG+JKS,*,F,힘이,Inflect,NNG,JKS,힘/NNG/*+이/JKS/*
힘을,0,0,-500,NNG+JKO,*,T,힘을,Inflect,NNG,JKO,힘/NNG/*+을/JKO/*
힘은,0,0,-500,NNG+JX,*,T,힘은,Inflect,NNG,JX,힘/NNG/*+은/JX/*
힘도,0,0,-500,NNG+JX,*,F,힘도,Inflect,NNG,JX,힘/NNG/*+도/JX/*
힘만,0,0,-500,NNG+JX,*,T,힘만,Inflect,NNG,JX,힘/NNG/*+만/JX/*
힘에,0,0,-500,NNG+JKB,*,F,힘에,Inflect,NNG,JKB,힘/NNG/*+에/JKB/*
힘에서,0,0,-500,NNG+JKB,*,F,힘에서,Inflect,NNG,JKB,힘/NNG/*+에서/JKB/*
힘으로,0,0,-500,NNG+JKB,*,F,힘으로,Inflect,NNG,JKB,힘/NNG/*+으로/JKB/*
힘의,0,0,-500,NNG+JKG,*,F,힘의,Inflect,NNG,JKG,힘/NNG/*+의/JKG/*
힘과,0,0,-500,NNG+JC,*,F,힘과,Inflect,NNG,JC,힘/NNG/*+과/JC/*
돈이,0,0,-500,NNG+JKS,*,F,돈이,Inflect,NNG,JKS,돈/NNG/*+이/JKS/*
돈을,0,0,-500,NNG+JKO,*,T,돈을,Inflect,NNG,JKO,돈/NNG/*+을/JKO/*
돈은,0,0,-500,NNG+JX,*,T,돈은,Inflect,NNG,JX,돈/NNG/*+은/JX/*
돈도,0,0,-500,NNG+JX,*,F,돈도,Inflect,NNG,JX,돈/NNG/*+도/JX/*
돈만,0,0,-500,NNG+JX,*,T,돈만,Inflect,NNG,JX,돈/NNG/*+만/JX/*
돈에,0,0,-500,NNG+JKB,*,F,돈에,Inflect,NNG,JKB,돈/NNG/*+에/JKB/*
돈에서,0,0,-500,NNG+JKB,*,F,돈에서,Inflect,NNG,JKB,돈/NNG/*+에서/JKB/*
돈으로,0,0,-500,NNG+JKB,*,F,돈으로,Inflect,NNG,JKB,돈/NNG/*+으로/JKB/*
돈의,0,0,-500,NNG+JKG,*,F,돈의,Inflect,NNG,JKG,돈/NNG/*+의/JKG/*
돈과,0,0,-500,NNG+JC,*,F,돈과,Inflect,NNG,JC,돈/NNG/*+과/JC/*
책이,0,0,-500,NNG+JKS,*,F,책이,Inflect,NNG,JKS,책/NNG/*+이/JKS/*
책을,0,0,-500,NNG+JKO,*,T,책을,Inflect,NNG,JKO,책/NNG/*+을/JKO/*
책은,0,0,-500,NNG+JX,*,T,책은,Inflect,NNG,JX,책/NNG/*+은/JX/*
책도,0,0,-500,NNG+JX,*,F,책도,Inflect,NNG,JX,책/NNG/*+도/JX/*
책만,0,0,-500,NNG+JX,*,T,책만,Inflect,NNG,JX,책/NNG/*+만/JX/*
책에,0,0,-500,NNG+JKB,*,F,책에,Inflect,NNG,JKB,책/NNG/*+에/JKB/*
책에서,0,0,-500,NNG+JKB,*,F,책에서,Inflect,NNG,JKB,책/NNG/*+에서/JKB/*
책으로,0,0,-500,NNG+JKB,*,F,책으로,Inflect,NNG,JKB,책/NNG/*+으로/JKB/*
책의,0,0,-500,NNG+JKG,*,F,책의,Inflect,NNG,JKG,책/NNG/*+의/JKG/*
책과,0,0,-500,NNG+JC,*,F,책과,Inflect,NNG,JC,책/NNG/*+과/JC/*
영화가,0,0,-500,NNG+JKS,*,F,영화가,Inflect,NNG,JKS,영화/NNG/*+가/JKS/*
영화를,0,0,-500,NNG+JKO,*,T,영화를,Inflect,NNG,JKO,영화/NNG/*+를/JKO/*
영화는,0,0,-500,NNG+JX,*,T,영화는,Inflect,NNG,JX,영화/NNG/*+는/JX/*
영화도,0,0,-500,NNG+JX,*,F,영화도,Inflect,NNG,JX,영화/NNG/*+도/JX/*
영화만,0,0,-500,NNG+JX,*,T,영화만,Inflect,NNG,JX,영화/NNG/*+만/JX/*
영화에,0,0,-500,NNG+JKB,*,F,영화에,Inflect,NNG,JKB,영화/NNG/*+에/JKB/*
영화에서,0,0,-500,NNG+JKB,*,F,영화에서,Inflect,NNG,JKB,영화/NNG/*+에서/JKB/*
영화로,0,0,-500,NNG+JKB,*,F,영화로,Inflect,NNG,JKB,영화/NNG/*+로/JKB/*
영화의,0,0,-500,NNG+JKG,*,F,영화의,Inflect,NNG,JKG,영화/NNG/*+의/JKG/*
영화와,0,0,-500,NNG+JC,*,F,영화와,Inflect,NNG,JC,영화/NNG/*+와/JC/*
음식이,0,0,-500,NNG+JKS,*,F,음식이,Inflect,NNG,JKS,음식/NNG/*+이/JKS/*
음식을,0,0,-500,NNG+JKO,*,T,음식을,Inflect,NNG,JKO,음식/NNG/*+을/JKO/*
음식은,0,0,-500,NNG+JX,*,T,음식은,Inflect,NNG,JX,음식/NNG/*+은/JX/*
음식도,0,0,-500,NNG+JX,*,F,음식도,Inflect,NNG,JX,음식/NNG/*+도/JX/*
음식만,0,0,-500,NNG+JX,*,T,음식만,Inflect,NNG,JX,음식/NNG/*+만/JX/*
음식에,0,0,-500,NNG+JKB,*,F,음식에,Inflect,NNG,JKB,음식/NNG/*+에/JKB/*
음식에서,0,0,-500,NNG+JKB,*,F,음식에서,Inflect,NNG,JKB,음식/NNG/*+에서/JKB/*
음식으로,0,0,-500,NNG+JKB,*,F,음식으로,Inflect,NNG,JKB,음식/NNG/*+으로/JKB/*
음식의,0,0,-500,NNG+JKG,*,F,음식의,Inflect,NNG,JKG,음식/NNG/*+의/JKG/*
음식과,0,0,-500,NNG+JC,*,F,음식과,Inflect,NNG,JC,음식/NNG/*+과/JC/*
음악이,0,0,-500,NNG+JKS,*,F,음악이,Inflect,NNG,JKS,음악/NNG/*+이/JKS/*
음악을,0,0,-500,NNG+JKO,*,T,음악을,Inflect,NNG,JKO,음악/NNG/*+을/JKO/*
음악은,0,0,-500,NNG+JX,*,T,음악은,Inflect,NNG,JX,음악/NNG/*+은/JX/*
음악도,0,0,-500,NNG+JX,*,F,음악도,Inflect,NNG,JX,음악/NNG/*+도/JX/*
음악만,0,0,-500,NNG+JX,*,T,음악만,Inflect,NNG,JX,음악/NNG/*+만/JX/*
음악에,0,0,-500,NNG+JKB,*,F,음악에,Inflect,NNG,JKB,음악/NNG/*+에/JKB/*
음악에서,0,0,-500,NNG+JKB,*,F,음악에서,Inflect,NNG,JKB,음악/NNG/*+에서/JKB/*
음악으로,0,0,-500,NNG+JKB,*,F,음악으로,Inflect,NNG,JKB,음악/NNG/*+으로/JKB/*
음악의,0,0,-500,NNG+JKG,*,F,음악의,Inflect,NNG,JKG,음악/NNG/*+의/JKG/*
음악과,0,0,-500,NNG+JC,*,F,음악과,Inflect,NNG,JC,음악/NNG/*+과/JC/*
역사가,0,0,-500,NNG+JKS,*,F,역사가,Inflect,NNG,JKS,역사/NNG/*+가/JKS/*
역사를,0,0,-500,NNG+JKO,*,T,역사를,Inflect,NNG,JKO,역사/NNG/*+를/JKO/*
역사는,0,0,-500,NNG+JX,*,T,역사는,Inflect,NNG,JX,역사/NNG/*+는/JX/*
역사도,0,0,-500,NNG+JX,*,F,역사도,Inflect,NNG,JX,역사/NNG/*+도/JX/*
역사만,0,0,-500,NNG+JX,*,T,역사만,Inflect,NNG,JX,역사/NNG/*+만/JX/*
역사에,0,0,-500,NNG+JKB,*,F,역사에,Inflect,NNG,JKB,역사/NNG/*+에/JKB/*
역사에서,0,0,-500,NNG+JKB,*,F,역사에서,Inflect,NNG,JKB,역사/NNG/*+에서/JKB/*
역사로,0,0,-500,NNG+JKB,*,F,역사로,Inflect,NNG,JKB,역사/NNG/*+로/JKB/*
역사의,0,0,-500,NNG+JKG,*,F,역사의,Inflect,NNG,JKG,역사/NNG/*+의/JKG/*
역사와,0,0,-500,NNG+JC,*,F,역사와,Inflect,NNG,JC,역사/NNG/*+와/JC/*
과학이,0,0,-500,NNG+JKS,*,F,과학이,Inflect,NNG,JKS,과학/NNG/*+이/JKS/*
과학을,0,0,-500,NNG+JKO,*,T,과학을,Inflect,NNG,JKO,과학/NNG/*+을/JKO/*
과학은,0,0,-500,NNG+JX,*,T,과학은,Inflect,NNG,JX,과학/NNG/*+은/JX/*
과학도,0,0,-500,NNG+JX,*,F,과학도,Inflect,NNG,JX,과학/NNG/*+도/JX/*
과학만,0,0,-500,NNG+JX,*,T,과학만,Inflect,NNG,JX,과학/NNG/*+만/JX/*
과학에,0,0,-500,NNG+JKB,*,F,과학에,Inflect,NNG,JKB,과학/NNG/*+에/JKB/*
과학에서,0,0,-500,NNG+JKB,*,F,과학에서,Inflect,NNG,JKB,과학/NNG/*+에서/JKB/*
과학으로,0,0,-500,NNG+JKB,*,F,과학으로,Inflect,NNG,JKB,과학/NNG/*+으로/JKB/*
과학의,0,0,-500,NNG+JKG,*,F,과학의,Inflect,NNG,JKG,과학/NNG/*+의/JKG/*
과학과,0,0,-500,NNG+JC,*,F,과학과,Inflect,NNG,JC,과학/NNG/*+과/JC/*
경제가,0,0,-500,NNG+JKS,*,F,경제가,Inflect,NNG,JKS,경제/NNG/*+가/JKS/*
경제를,0,0,-500,NNG+JKO,*,T,경제를,Inflect,NNG,JKO,경제/NNG/*+를/JKO/*
경제는,0,0,-500,NNG+JX,*,T,경제는,Inflect,NNG,JX,경제/NNG/*+는/JX/*
경제도,0,0,-500,NNG+JX,*,F,경제도,Inflect,NNG,JX,경제/NNG/*+도/JX/*
경제만,0,0,-500,NNG+JX,*,T,경제만,Inflect,NNG,JX,경제/NNG/*+만/JX/*
경제에,0,0,-500,NNG+JKB,*,F,경제에,Inflect,NNG,JKB,경제/NNG/*+에/JKB/*
경제에서,0,0,-500,NNG+JKB,*,F,경제에서,Inflect,NNG,JKB,경제/NNG/*+에서/JKB/*
경제로,0,0,-500,NNG+JKB,*,F,경제로,Inflect,NNG,JKB,경제/NNG/*+로/JKB/*
경제의,0,0,-500,NNG+JKG,*,F,경제의,Inflect,NNG,JKG,경제/NNG/*+의/JKG/*
경제와,0,0,-500,NNG+JC,*,F,경제와,Inflect,NNG,JC,경제/NNG/*+와/JC/*
정치가,0,0,-500,NNG+JKS,*,F,정치가,Inflect,NNG,JKS,정치/NNG/*+가/JKS/*
정치를,0,0,-500,NNG+JKO,*,T,정치를,Inflect,NNG,JKO,정치/NNG/*+를/JKO/*
정치는,0,0,-500,NNG+JX,*,T,정치는,Inflect,NNG,JX,정치/NNG/*+는/JX/*
정치도,0,0,-500,NNG+JX,*,F,정치도,Inflect,NNG,JX,정치/NNG/*+도/JX/*
정치만,0,0,-500,NNG+JX,*,T,정치만,Inflect,NNG,JX,정치/NNG/*+만/JX/*
정치에,0,0,-500,NNG+JKB,*,F,정치에,Inflect,NNG,JKB,정치/NNG/*+에/JKB/*
정치에서,0,0,-500,NNG+JKB,*,F,정치에서,Inflect,NNG,JKB,정치/NNG/*+에서/JKB/*
정치로,0,0,-500,NNG+JKB,*,F,정치로,Inflect,NNG,JKB,정치/NNG/*+로/JKB/*
정치의,0,0,-500,NNG+JKG,*,F,정치의,Inflect,NNG,JKG,정치/NNG/*+의/JKG/*
정치와,0,0,-500,NNG+JC,*,F,정치와,Inflect,NNG,JC,정치/NNG/*+와/JC/*
문화가,0,0,-500,NNG+JKS,*,F,문화가,Inflect,NNG,JKS,문화/NNG/*+가/JKS/*
문화를,0,0,-500,NNG+JKO,*,T,문화를,Inflect,NNG,JKO,문화/NNG/*+를/JKO/*
문화는,0,0,-500,NNG+JX,*,T,문화는,Inflect,NNG,JX,문화/NNG/*+는/JX/*
문화도,0,0,-500,NNG+JX,*,F,문화도,Inflect,NNG,JX,문화/NNG/*+도/JX/*
문화만,0,0,-500,NNG+JX,*,T,문화만,Inflect,NNG,JX,문화/NNG/*+만/JX/*
문화에,0,0,-500,NNG+JKB,*,F,문화에,Inflect,NNG,JKB,문화/NNG/*+에/JKB/*
문화에서,0,0,-500,NNG+JKB,*,F,문화에서,Inflect,NNG,JKB,문화/NNG/*+에서/JKB/*
문화로,0,0,-500,NNG+JKB,*,F,문화로,Inflect,NNG,JKB,문화/NNG/*+로/JKB/*
문화의,0,0,-500,NNG+JKG,*,F,문화의,Inflect,NNG,JKG,문화/NNG/*+의/JKG/*
문화와,0,0,-500,NNG+JC,*,F,문화와,Inflect,NNG,JC,문화/NNG/*+와/JC/*
교육이,0,0,-500,NNG+JKS,*,F,교육이,Inflect,NNG,JKS,교육/NNG/*+이/JKS/*
교육을,0,0,-500,NNG+JKO,*,T,교육을,Inflect,NNG,JKO,교육/NNG/*+을/JKO/*
교육은,0,0,-500,NNG+JX,*,T,교육은,Inflect,NNG,JX,교육/NNG/*+은/JX/*
교육도,0,0,-500,NNG+JX,*,F,교육도,Inflect,NNG,JX,교육/NNG/*+도/JX/*
교육만,0,0,-500,NNG+JX,*,T,교육만,Inflect,NNG,JX,교육/NNG/*+만/JX/*
교육에,0,0,-500,NNG+JKB,*,F,교육에,Inflect,NNG,JKB,교육/NNG/*+에/JKB/*
교육에서,0,0,-500,NNG+JKB,*,F,교육에서,Inflect,NNG,JKB,교육/NNG/*+에서/JKB/*
교육으로,0,0,-500,NNG+JKB,*,F,교육으로,Inflect,NNG,JKB,교육/NNG/*+으로/JKB/*
교육의,0,0,-500,NNG+JKG,*,F,교육의,Inflect,NNG,JKG,교육/NNG/*+의/JKG/*
교육과,0,0,-500,NNG+JC,*,F,교육과,Inflect,NNG,JC,교육/NNG/*+과/JC/*
환경이,0,0,-500,NNG+JKS,*,F,환경이,Inflect,NNG,JKS,환경/NNG/*+이/JKS/*
환경을,0,0,-500,NNG+JKO,*,T,환경을,Inflect,NNG,JKO,환경/NNG/*+을/JKO/*
환경은,0,0,-500,NNG+JX,*,T,환경은,Inflect,NNG,JX,환경/NNG/*+은/JX/*
환경도,0,0,-500,NNG+JX,*,F,환경도,Inflect,NNG,JX,환경/NNG/*+도/JX/*
환경만,0,0,-500,NNG+JX,*,T,환경만,Inflect,NNG,JX,환경/NNG/*+만/JX/*
환경에,0,0,-500,NNG+JKB,*,F,환경에,Inflect,NNG,JKB,환경/NNG/*+에/JKB/*
환경에서,0,0,-500,NNG+JKB,*,F,환경에서,Inflect,NNG,JKB,환경/NNG/*+에서/JKB/*
환경으로,0,0,-500,NNG+JKB,*,F,환경으로,Inflect,NNG,JKB,환경/NNG/*+으로/JKB/*
환경의,0,0,-500,NNG+JKG,*,F,환경의,Inflect,NNG,JKG,환경/NNG/*+의/JKG/*
환경과,0,0,-500,NNG+JC,*,F,환경과,Inflect,NNG,JC,환경/NNG/*+과/JC/*
기술이,0,0,-500,NNG+JKS,*,F,기술이,Inflect,NNG,JKS,기술/NNG/*+이/JKS/*
기술을,0,0,-500,NNG+JKO,*,T,기술을,Inflect,NNG,JKO,기술/NNG/*+을/JKO/*
기술은,0,0,-500,NNG+JX,*,T,기술은,Inflect,NNG,JX,기술/NNG/*+은/JX/*
기술도,0,0,-500,NNG+JX,*,F,기술도,Inflect,NNG,JX,기술/NNG/*+도/JX/*
기술만,0,0,-500,NNG+JX,*,T,기술만,Inflect,NNG,JX,기술/NNG/*+만/JX/*
기술에,0,0,-500,NNG+JKB,*,F,기술에,Inflect,NNG,JKB,기술/NNG/*+에/JKB/*
기술에서,0,0,-500,NNG+JKB,*,F,기술에서,Inflect,NNG,JKB,기술/NNG/*+에서/JKB/*
기술으로,0,0,-500,NNG+JKB,*,F,기술으로,Inflect,NNG,JKB,기술/NNG/*+으로/JKB/*
기술의,0,0,-500,NNG+JKG,*,F,기술의,Inflect,NNG,JKG,기술/NNG/*+의/JKG/*
기술과,0,0,-500,NNG+JC,*,F,기술과,Inflect,NNG,JC,기술/NNG/*+과/JC/*
언어가,0,0,-500,NNG+JKS,*,F,언어가,Inflect,NNG,JKS,언어/NNG/*+가/JKS/*
언어를,0,0,-500,NNG+JKO,*,T,언어를,Inflect,NNG,JKO,언어/NNG/*+를/JKO/*
언어는,0,0,-500,NNG+JX,*,T,언어는,Inflect,NNG,JX,언어/NNG/*+는/JX/*
언어도,0,0,-500,NNG+JX,*,F,언어도,Inflect,NNG,JX,언어/NNG/*+도/JX/*
언어만,0,0,-500,NNG+JX,*,T,언어만,Inflect,NNG,JX,언어/NNG/*+만/JX/*
언어에,0,0,-500,NNG+JKB,*,F,언어에,Inflect,NNG,JKB,언어/NNG/*+에/JKB/*
언어에서,0,0,-500,NNG+JKB,*,F,언어에서,Inflect,NNG,JKB,언어/NNG/*+에서/JKB/*
언어로,0,0,-500,NNG+JKB,*,F,언어로,Inflect,NNG,JKB,언어/NNG/*+로/JKB/*
언어의,0,0,-500,NNG+JKG,*,F,언어의,Inflect,NNG,JKG,언어/NNG/*+의/JKG/*
언어와,0,0,-500,NNG+JC,*,F,언어와,Inflect,NNG,JC,언어/NNG/*+와/JC/*
예술이,0,0,-500,NNG+JKS,*,F,예술이,Inflect,NNG,JKS,예술/NNG/*+이/JKS/*
예술을,0,0,-500,NNG+JKO,*,T,예술을,Inflect,NNG,JKO,예술/NNG/*+을/JKO/*
예술은,0,0,-500,NNG+JX,*,T,예술은,Inflect,NNG,JX,예술/NNG/*+은/JX/*
예술도,0,0,-500,NNG+JX,*,F,예술도,Inflect,NNG,JX,예술/NNG/*+도/JX/*
예술만,0,0,-500,NNG+JX,*,T,예술만,Inflect,NNG,JX,예술/NNG/*+만/JX/*
예술에,0,0,-500,NNG+JKB,*,F,예술에,Inflect,NNG,JKB,예술/NNG/*+에/JKB/*
예술에서,0,0,-500,NNG+JKB,*,F,예술에서,Inflect,NNG,JKB,예술/NNG/*+에서/JKB/*
예술으로,0,0,-500,NNG+JKB,*,F,예술으로,Inflect,NNG,JKB,예술/NNG/*+으로/JKB/*
예술의,0,0,-500,NNG+JKG,*,F,예술의,Inflect,NNG,JKG,예술/NNG/*+의/JKG/*
예술과,0,0,-500,NNG+JC,*,F,예술과,Inflect,NNG,JC,예술/NNG/*+과/JC/*
자연이,0,0,-500,NNG+JKS,*,F,자연이,Inflect,NNG,JKS,자연/NNG/*+이/JKS/*
자연을,0,0,-500,NNG+JKO,*,T,자연을,Inflect,NNG,JKO,자연/NNG/*+을/JKO/*
자연은,0,0,-500,NNG+JX,*,T,자연은,Inflect,NNG,JX,자연/NNG/*+은/JX/*
자연도,0,0,-500,NNG+JX,*,F,자연도,Inflect,NNG,JX,자연/NNG/*+도/JX/*
자연만,0,0,-500,NNG+JX,*,T,자연만,Inflect,NNG,JX,자연/NNG/*+만/JX/*
자연에,0,0,-500,NNG+JKB,*,F,자연에,Inflect,NNG,JKB,자연/NNG/*+에/JKB/*
자연에서,0,0,-500,NNG+JKB,*,F,자연에서,Inflect,NNG,JKB,자연/NNG/*+에서/JKB/*
자연으로,0,0,-500,NNG+JKB,*,F,자연으로,Inflect,NNG,JKB,자연/NNG/*+으로/JKB/*
자연의,0,0,-500,NNG+JKG,*,F,자연의,Inflect,NNG,JKG,자연/NNG/*+의/JKG/*
자연과,0,0,-500,NNG+JC,*,F,자연과,Inflect,NNG,JC,자연/NNG/*+과/JC/*
건강이,0,0,-500,NNG+JKS,*,F,건강이,Inflect,NNG,JKS,건강/NNG/*+이/JKS/*
건강을,0,0,-500,NNG+JKO,*,T,건강을,Inflect,NNG,JKO,건강/NNG/*+을/JKO/*
건강은,0,0,-500,NNG+JX,*,T,건강은,Inflect,NNG,JX,건강/NNG/*+은/JX/*
건강도,0,0,-500,NNG+JX,*,F,건강도,Inflect,NNG,JX,건강/NNG/*+도/JX/*
건강만,0,0,-500,NNG+JX,*,T,건강만,Inflect,NNG,JX,건강/NNG/*+만/JX/*
건강에,0,0,-500,NNG+JKB,*,F,건강에,Inflect,NNG,JKB,건강/NNG/*+에/JKB/*
건강에서,0,0,-500,NNG+JKB,*,F,건강에서,Inflect,NNG,JKB,건강/NNG/*+에서/JKB/*
건강으로,0,0,-500,NNG+JKB,*,F,건강으로,Inflect,NNG,JKB,건강/NNG/*+으로/JKB/*
건강의,0,0,-500,NNG+JKG,*,F,건강의,Inflect,NNG,JKG,건강/NNG/*+의/JKG/*
건강과,0,0,-500,NNG+JC,*,F,건강과,Inflect,NNG,JC,건강/NNG/*+과/JC/*
사랑이,0,0,-500,NNG+JKS,*,F,사랑이,Inflect,NNG,JKS,사랑/NNG/*+이/JKS/*
사랑을,0,0,-500,NNG+JKO,*,T,사랑을,Inflect,NNG,JKO,사랑/NNG/*+을/JKO/*
사랑은,0,0,-500,NNG+JX,*,T,사랑은,Inflect,NNG,JX,사랑/NNG/*+은/JX/*
사랑도,0,0,-500,NNG+JX,*,F,사랑도,Inflect,NNG,JX,사랑/NNG/*+도/JX/*
사랑만,0,0,-500,NNG+JX,*,T,사랑만,Inflect,NNG,JX,사랑/NNG/*+만/JX/*
사랑에,0,0,-500,NNG+JKB,*,F,사랑에,Inflect,NNG,JKB,사랑/NNG/*+에/JKB/*
사랑에서,0,0,-500,NNG+JKB,*,F,사랑에서,Inflect,NNG,JKB,사랑/NNG/*+에서/JKB/*
사랑으로,0,0,-500,NNG+JKB,*,F,사랑으로,Inflect,NNG,JKB,사랑/NNG/*+으로/JKB/*
사랑의,0,0,-500,NNG+JKG,*,F,사랑의,Inflect,NNG,JKG,사랑/NNG/*+의/JKG/*
사랑과,0,0,-500,NNG+JC,*,F,사랑과,Inflect,NNG,JC,사랑/NNG/*+과/JC/*
행복이,0,0,-500,NNG+JKS,*,F,행복이,Inflect,NNG,JKS,행복/NNG/*+이/JKS/*
행복을,0,0,-500,NNG+JKO,*,T,행복을,Inflect,NNG,JKO,행복/NNG/*+을/JKO/*
행복은,0,0,-500,NNG+JX,*,T,행복은,Inflect,NNG,JX,행복/NNG/*+은/JX/*
행복도,0,0,-500,NNG+JX,*,F,행복도,Inflect,NNG,JX,행복/NNG/*+도/JX/*
행복만,0,0,-500,NNG+JX,*,T,행복만,Inflect,NNG,JX,행복/NNG/*+만/JX/*
행복에,0,0,-500,NNG+JKB,*,F,행복에,Inflect,NNG,JKB,행복/NNG/*+에/JKB/*
행복에서,0,0,-500,NNG+JKB,*,F,행복에서,Inflect,NNG,JKB,행복/NNG/*+에서/JKB/*
행복으로,0,0,-500,NNG+JKB,*,F,행복으로,Inflect,NNG,JKB,행복/NNG/*+으로/JKB/*
행복의,0,0,-500,NNG+JKG,*,F,행복의,Inflect,NNG,JKG,행복/NNG/*+의/JKG/*
행복과,0,0,-500,NNG+JC,*,F,행복과,Inflect,NNG,JC,행복/NNG/*+과/JC/*
진실이,0,0,-500,NNG+JKS,*,F,진실이,Inflect,NNG,JKS,진실/NNG/*+이/JKS/*
진실을,0,0,-500,NNG+JKO,*,T,진실을,Inflect,NNG,JKO,진실/NNG/*+을/JKO/*
진실은,0,0,-500,NNG+JX,*,T,진실은,Inflect,NNG,JX,진실/NNG/*+은/JX/*
진실도,0,0,-500,NNG+JX,*,F,진실도,Inflect,NNG,JX,진실/NNG/*+도/JX/*
진실만,0,0,-500,NNG+JX,*,T,진실만,Inflect,NNG,JX,진실/NNG/*+만/JX/*
진실에,0,0,-500,NNG+JKB,*,F,진실에,Inflect,NNG,JKB,진실/NNG/*+에/JKB/*
진실에서,0,0,-500,NNG+JKB,*,F,진실에서,Inflect,NNG,JKB,진실/NNG/*+에서/JKB/*
진실으로,0,0,-500,NNG+JKB,*,F,진실으로,Inflect,NNG,JKB,진실/NNG/*+으로/JKB/*
진실의,0,0,-500,NNG+JKG,*,F,진실의,Inflect,NNG,JKG,진실/NNG/*+의/JKG/*
진실과,0,0,-500,NNG+JC,*,F,진실과,Inflect,NNG,JC,진실/NNG/*+과/JC/*
평화가,0,0,-500,NNG+JKS,*,F,평화가,Inflect,NNG,JKS,평화/NNG/*+가/JKS/*
평화를,0,0,-500,NNG+JKO,*,T,평화를,Inflect,NNG,JKO,평화/NNG/*+를/JKO/*
평화는,0,0,-500,NNG+JX,*,T,평화는,Inflect,NNG,JX,평화/NNG/*+는/JX/*
평화도,0,0,-500,NNG+JX,*,F,평화도,Inflect,NNG,JX,평화/NNG/*+도/JX/*
평화만,0,0,-500,NNG+JX,*,T,평화만,Inflect,NNG,JX,평화/NNG/*+만/JX/*
평화에,0,0,-500,NNG+JKB,*,F,평화에,Inflect,NNG,JKB,평화/NNG/*+에/JKB/*
평화에서,0,0,-500,NNG+JKB,*,F,평화에서,Inflect,NNG,JKB,평화/NNG/*+에서/JKB/*
평화로,0,0,-500,NNG+JKB,*,F,평화로,Inflect,NNG,JKB,평화/NNG/*+로/JKB/*
평화의,0,0,-500,NNG+JKG,*,F,평화의,Inflect,NNG,JKG,평화/NNG/*+의/JKG/*
평화와,0,0,-500,NNG+JC,*,F,평화와,Inflect,NNG,JC,평화/NNG/*+와/JC/*
자유가,0,0,-500,NNG+JKS,*,F,자유가,Inflect,NNG,JKS,자유/NNG/*+가/JKS/*
자유를,0,0,-500,NNG+JKO,*,T,자유를,Inflect,NNG,JKO,자유/NNG/*+를/JKO/*
자유는,0,0,-500,NNG+JX,*,T,자유는,Inflect,NNG,JX,자유/NNG/*+는/JX/*
자유도,0,0,-500,NNG+JX,*,F,자유도,Inflect,NNG,JX,자유/NNG/*+도/JX/*
자유만,0,0,-500,NNG+JX,*,T,자유만,Inflect,NNG,JX,자유/NNG/*+만/JX/*
자유에,0,0,-500,NNG+JKB,*,F,자유에,Inflect,NNG,JKB,자유/NNG/*+에/JKB/*
자유에서,0,0,-500,NNG+JKB,*,F,자유에서,Inflect,NNG,JKB,자유/NNG/*+에서/JKB/*
자유로,0,0,-500,NNG+JKB,*,F,자유로,Inflect,NNG,JKB,자유/NNG/*+로/JKB/*
자유의,0,0,-500,NNG+JKG,*,F,자유의,Inflect,NNG,JKG,자유/NNG/*+의/JKG/*
자유와,0,0,-500,NNG+JC,*,F,자유와,Inflect,NNG,JC,자유/NNG/*+와/JC/*
희망이,0,0,-500,NNG+JKS,*,F,희망이,Inflect,NNG,JKS,희망/NNG/*+이/JKS/*
희망을,0,0,-500,NNG+JKO,*,T,희망을,Inflect,NNG,JKO,희망/NNG/*+을/JKO/*
희망은,0,0,-500,NNG+JX,*,T,희망은,Inflect,NNG,JX,희망/NNG/*+은/JX/*
희망도,0,0,-500,NNG+JX,*,F,희망도,Inflect,NNG,JX,희망/NNG/*+도/JX/*
희망만,0,0,-500,NNG+JX,*,T,희망만,Inflect,NNG,JX,희망/NNG/*+만/JX/*
희망에,0,0,-500,NNG+JKB,*,F,희망에,Inflect,NNG,JKB,희망/NNG/*+에/JKB/*
희망에서,0,0,-500,NNG+JKB,*,F,희망에서,Inflect,NNG,JKB,희망/NNG/*+에서/JKB/*
희망으로,0,0,-500,NNG+JKB,*,F,희망으로,Inflect,NNG,JKB,희망/NNG/*+으로/JKB/*
희망의,0,0,-500,NNG+JKG,*,F,희망의,Inflect,NNG,JKG,희망/NNG/*+의/JKG/*
희망과,0,0,-500,NNG+JC,*,F,희망과,Inflect,NNG,JC,희망/NNG/*+과/JC/*
미래가,0,0,-500,NNG+JKS,*,F,미래가,Inflect,NNG,JKS,미래/NNG/*+가/JKS/*
미래를,0,0,-500,NNG+JKO,*,T,미래를,Inflect,NNG,JKO,미래/NNG/*+를/JKO/*
미래는,0,0,-500,NNG+JX,*,T,미래는,Inflect,NNG,JX,미래/NNG/*+는/JX/*
미래도,0,0,-500,NNG+JX,*,F,미래도,Inflect,NNG,JX,미래/NNG/*+도/JX/*
미래만,0,0,-500,NNG+JX,*,T,미래만,Inflect,NNG,JX,미래/NNG/*+만/JX/*
미래에,0,0,-500,NNG+JKB,*,F,미래에,Inflect,NNG,JKB,미래/NNG/*+에/JKB/*
미래에서,0,0,-500,NNG+JKB,*,F,미래에서,Inflect,NNG,JKB,미래/NNG/*+에서/JKB/*
미래로,0,0,-500,NNG+JKB,*,F,미래로,Inflect,NNG,JKB,미래/NNG/*+로/JKB/*
미래의,0,0,-500,NNG+JKG,*,F,미래의,Inflect,NNG,JKG,미래/NNG/*+의/JKG/*
미래와,0,0,-500,NNG+JC,*,F,미래와,Inflect,NNG,JC,미래/NNG/*+와/JC/*
과거가,0,0,-500,NNG+JKS,*,F,과거가,Inflect,NNG,JKS,과거/NNG/*+가/JKS/*
과거를,0,0,-500,NNG+JKO,*,T,과거를,Inflect,NNG,JKO,과거/NNG/*+를/JKO/*
과거는,0,0,-500,NNG+JX,*,T,과거는,Inflect,NNG,JX,과거/NNG/*+는/JX/*
과거도,0,0,-500,NNG+JX,*,F,과거도,Inflect,NNG,JX,과거/NNG/*+도/JX/*
과거만,0,0,-500,NNG+JX,*,T,과거만,Inflect,NNG,JX,과거/NNG/*+만/JX/*
과거에,0,0,-500,NNG+JKB,*,F,과거에,Inflect,NNG,JKB,과거/NNG/*+에/JKB/*
과거에서,0,0,-500,NNG+JKB,*,F,과거에서,Inflect,NNG,JKB,과거/NNG/*+에서/JKB/*
과거로,0,0,-500,NNG+JKB,*,F,과거로,Inflect,NNG,JKB,과거/NNG/*+로/JKB/*
과거의,0,0,-500,NNG+JKG,*,F,과거의,Inflect,NNG,JKG,과거/NNG/*+의/JKG/*
과거와,0,0,-500,NNG+JC,*,F,과거와,Inflect,NNG,JC,과거/NNG/*+와/JC/*
현재가,0,0,-500,NNG+JKS,*,F,현재가,Inflect,NNG,JKS,현재/NNG/*+가/JKS/*
현재를,0,0,-500,NNG+JKO,*,T,현재를,Inflect,NNG,JKO,현재/NNG/*+를/JKO/*
현재는,0,0,-500,NNG+JX,*,T,현재는,Inflect,NNG,JX,현재/NNG/*+는/JX/*
현재도,0,0,-500,NNG+JX,*,F,현재도,Inflect,NNG,JX,현재/NNG/*+도/JX/*
현재만,0,0,-500,NNG+JX,*,T,현재만,Inflect,NNG,JX,현재/NNG/*+만/JX/*
현재에,0,0,-500,NNG+JKB,*,F,현재에,Inflect,NNG,JKB,현재/NNG/*+에/JKB/*
현재에서,0,0,-500,NNG+JKB,*,F,현재에서,Inflect,NNG,JKB,현재/NNG/*+에서/JKB/*
현재로,0,0,-500,NNG+JKB,*,F,현재로,Inflect,NNG,JKB,현재/NNG/*+로/JKB/*
현재의,0,0,-500,NNG+JKG,*,F,현재의,Inflect,NNG,JKG,현재/NNG/*+의/JKG/*
현재와,0,0,-500,NNG+JC,*,F,현재와,Inflect,NNG,JC,현재/NNG/*+와/JC/*
오늘이,0,0,-500,NNG+JKS,*,F,오늘이,Inflect,NNG,JKS,오늘/NNG/*+이/JKS/*
오늘을,0,0,-500,NNG+JKO,*,T,오늘을,Inflect,NNG,JKO,오늘/NNG/*+을/JKO/*
오늘은,0,0,-500,NNG+JX,*,T,오늘은,Inflect,NNG,JX,오늘/NNG/*+은/JX/*
오늘도,0,0,-500,NNG+JX,*,F,오늘도,Inflect,NNG,JX,오늘/NNG/*+도/JX/*
오늘만,0,0,-500,NNG+JX,*,T,오늘만,Inflect,NNG,JX,오늘/NNG/*+만/JX/*
오늘에,0,0,-500,NNG+JKB,*,F,오늘에,Inflect,NNG,JKB,오늘/NNG/*+에/JKB/*
오늘에서,0,0,-500,NNG+JKB,*,F,오늘에서,Inflect,NNG,JKB,오늘/NNG/*+에서/JKB/*
오늘으로,0,0,-500,NNG+JKB,*,F,오늘으로,Inflect,NNG,JKB,오늘/NNG/*+으로/JKB/*
오늘의,0,0,-500,NNG+JKG,*,F,오늘의,Inflect,NNG,JKG,오늘/NNG/*+의/JKG/*
오늘과,0,0,-500,NNG+JC,*,F,오늘과,Inflect,NNG,JC,오늘/NNG/*+과/JC/*
내일이,0,0,-500,NNG+JKS,*,F,내일이,Inflect,NNG,JKS,내일/NNG/*+이/JKS/*
내일을,0,0,-500,NNG+JKO,*,T,내일을,Inflect,NNG,JKO,내일/NNG/*+을/JKO/*
내일은,0,0,-500,NNG+JX,*,T,내일은,Inflect,NNG,JX,내일/NNG/*+은/JX/*
내일도,0,0,-500,NNG+JX,*,F,내일도,Inflect,NNG,JX,내일/NNG/*+도/JX/*
내일만,0,0,-500,NNG+JX,*,T,내일만,Inflect,NNG,JX,내일/NNG/*+만/JX/*
내일에,0,0,-500,NNG+JKB,*,F,내일에,Inflect,NNG,JKB,내일/NNG/*+에/JKB/*
내일에서,0,0,-500,NNG+JKB,*,F,내일에서,Inflect,NNG,JKB,내일/NNG/*+에서/JKB/*
내일으로,0,0,-500,NNG+JKB,*,F,내일으로,Inflect,NNG,JKB,내일/NNG/*+으로/JKB/*
내일의,0,0,-500,NNG+JKG,*,F,내일의,Inflect,NNG,JKG,내일/NNG/*+의/JKG/*
내일과,0,0,-500,NNG+JC,*,F,내일과,Inflect,NNG,JC,내일/NNG/*+과/JC/*
어제가,0,0,-500,NNG+JKS,*,F,어제가,Inflect,NNG,JKS,어제/NNG/*+가/JKS/*
어제를,0,0,-500,NNG+JKO,*,T,어제를,Inflect,NNG,JKO,어제/NNG/*+를/JKO/*
어제는,0,0,-500,NNG+JX,*,T,어제는,Inflect,NNG,JX,어제/NNG/*+는/JX/*
어제도,0,0,-500,NNG+JX,*,F,어제도,Inflect,NNG,JX,어제/NNG/*+도/JX/*
어제만,0,0,-500,NNG+JX,*,T,어제만,Inflect,NNG,JX,어제/NNG/*+만/JX/*
어제에,0,0,-500,NNG+JKB,*,F,어제에,Inflect,NNG,JKB,어제/NNG/*+에/JKB/*
어제에서,0,0,-500,NNG+JKB,*,F,어제에서,Inflect,NNG,JKB,어제/NNG/*+에서/JKB/*
어제로,0,0,-500,NNG+JKB,*,F,어제로,Inflect,NNG,JKB,어제/NNG/*+로/JKB/*
어제의,0,0,-500,NNG+JKG,*,F,어제의,Inflect,NNG,JKG,어제/NNG/*+의/JKG/*
어제와,0,0,-500,NNG+JC,*,F,어제와,Inflect,NNG,JC,어제/NNG/*+와/JC/*
아침이,0,0,-500,NNG+JKS,*,F,아침이,Inflect,NNG,JKS,아침/NNG/*+이/JKS/*
아침을,0,0,-500,NNG+JKO,*,T,아침을,Inflect,NNG,JKO,아침/NNG/*+을/JKO/*
아침은,0,0,-500,NNG+JX,*,T,아침은,Inflect,NNG,JX,아침/NNG/*+은/JX/*
아침도,0,0,-500,NNG+JX,*,F,아침도,Inflect,NNG,JX,아침/NNG/*+도/JX/*
아침만,0,0,-500,NNG+JX,*,T,아침만,Inflect,NNG,JX,아침/NNG/*+만/JX/*
아침에,0,0,-500,NNG+JKB,*,F,아침에,Inflect,NNG,JKB,아침/NNG/*+에/JKB/*
아침에서,0,0,-500,NNG+JKB,*,F,아침에서,Inflect,NNG,JKB,아침/NNG/*+에서/JKB/*
아침으로,0,0,-500,NNG+JKB,*,F,아침으로,Inflect,NNG,JKB,아침/NNG/*+으로/JKB/*
아침의,0,0,-500,NNG+JKG,*,F,아침의,Inflect,NNG,JKG,아침/NNG/*+의/JKG/*
아침과,0,0,-500,NNG+JC,*,F,아침과,Inflect,NNG,JC,아침/NNG/*+과/JC/*
저녁이,0,0,-500,NNG+JKS,*,F,저녁이,Inflect,NNG,JKS,저녁/NNG/*+이/JKS/*
저녁을,0,0,-500,NNG+JKO,*,T,저녁을,Inflect,NNG,JKO,저녁/NNG/*+을/JKO/*
저녁은,0,0,-500,NNG+JX,*,T,저녁은,Inflect,NNG,JX,저녁/NNG/*+은/JX/*
저녁도,0,0,-500,NNG+JX,*,F,저녁도,Inflect,NNG,JX,저녁/NNG/*+도/JX/*
저녁만,0,0,-500,NNG+JX,*,T,저녁만,Inflect,NNG,JX,저녁/NNG/*+만/JX/*
저녁에,0,0,-500,NNG+JKB,*,F,저녁에,Inflect,NNG,JKB,저녁/NNG/*+에/JKB/*
저녁에서,0,0,-500,NNG+JKB,*,F,저녁에서,Inflect,NNG,JKB,저녁/NNG/*+에서/JKB/*
저녁으로,0,0,-500,NNG+JKB,*,F,저녁으로,Inflect,NNG,JKB,저녁/NNG/*+으로/JKB/*
저녁의,0,0,-500,NNG+JKG,*,F,저녁의,Inflect,NNG,JKG,저녁/NNG/*+의/JKG/*
저녁과,0,0,-500,NNG+JC,*,F,저녁과,Inflect,NNG,JC,저녁/NNG/*+과/JC/*
밤이,0,0,-500,NNG+JKS,*,F,밤이,Inflect,NNG,JKS,밤/NNG/*+이/JKS/*
밤을,0,0,-500,NNG+JKO,*,T,밤을,Inflect,NNG,JKO,밤/NNG/*+을/JKO/*
밤은,0,0,-500,NNG+JX,*,T,밤은,Inflect,NNG,JX,밤/NNG/*+은/JX/*
밤도,0,0,-500,NNG+JX,*,F,밤도,Inflect,NNG,JX,밤/NNG/*+도/JX/*
밤만,0,0,-500,NNG+JX,*,T,밤만,Inflect,NNG,JX,밤/NNG/*+만/JX/*
밤에,0,0,-500,NNG+JKB,*,F,밤에,Inflect,NNG,JKB,밤/NNG/*+에/JKB/*
밤에서,0,0,-500,NNG+JKB,*,F,밤에서,Inflect,NNG,JKB,밤/NNG/*+에서/JKB/*
밤으로,0,0,-500,NNG+JKB,*,F,밤으로,Inflect,NNG,JKB,밤/NNG/*+으로/JKB/*
밤의,0,0,-500,NNG+JKG,*,F,밤의,Inflect,NNG,JKG,밤/NNG/*+의/JKG/*
밤과,0,0,-500,NNG+JC,*,F,밤과,Inflect,NNG,JC,밤/NNG/*+과/JC/*
낮이,0,0,-500,NNG+JKS,*,F,낮이,Inflect,NNG,JKS,낮/NNG/*+이/JKS/*
낮을,0,0,-500,NNG+JKO,*,T,낮을,Inflect,NNG,JKO,낮/NNG/*+을/JKO/*
낮은,0,0,-500,NNG+JX,*,T,낮은,Inflect,NNG,JX,낮/NNG/*+은/JX/*
낮도,0,0,-500,NNG+JX,*,F,낮도,Inflect,NNG,JX,낮/NNG/*+도/JX/*
낮만,0,0,-500,NNG+JX,*,T,낮만,Inflect,NNG,JX,낮/NNG/*+만/JX/*
낮에,0,0,-500,NNG+JKB,*,F,낮에,Inflect,NNG,JKB,낮/NNG/*+에/JKB/*
낮에서,0,0,-500,NNG+JKB,*,F,낮에서,Inflect,NNG,JKB,낮/NNG/*+에서/JKB/*
낮으로,0,0,-500,NNG+JKB,*,F,낮으로,Inflect,NNG,JKB,낮/NNG/*+으로/JKB/*
낮의,0,0,-500,NNG+JKG,*,F,낮의,Inflect,NNG,JKG,낮/NNG/*+의/JKG/*
낮과,0,0,-500,NNG+JC,*,F,낮과,Inflect,NNG,JC,낮/NNG/*+과/JC/*
봄이,0,0,-500,NNG+JKS,*,F,봄이,Inflect,NNG,JKS,봄/NNG/*+이/JKS/*
봄을,0,0,-500,NNG+JKO,*,T,봄을,Inflect,NNG,JKO,봄/NNG/*+을/JKO/*
봄은,0,0,-500,NNG+JX,*,T,봄은,Inflect,NNG,JX,봄/NNG/*+은/JX/*
봄도,0,0,-500,NNG+JX,*,F,봄도,Inflect,NNG,JX,봄/NNG/*+도/JX/*
봄만,0,0,-500,NNG+JX,*,T,봄만,Inflect,NNG,JX,봄/NNG/*+만/JX/*
봄에,0,0,-500,NNG+JKB,*,F,봄에,Inflect,NNG,JKB,봄/NNG/*+에/JKB/*
봄에서,0,0,-500,NNG+JKB,*,F,봄에서,Inflect,NNG,JKB,봄/NNG/*+에서/JKB/*
봄으로,0,0,-500,NNG+JKB,*,F,봄으로,Inflect,NNG,JKB,봄/NNG/*+으로/JKB/*
봄의,0,0,-500,NNG+JKG,*,F,봄의,Inflect,NNG,JKG,봄/NNG/*+의/JKG/*
봄과,0,0,-500,NNG+JC,*,F,봄과,Inflect,NNG,JC,봄/NNG/*+과/JC/*
여름이,0,0,-500,NNG+JKS,*,F,여름이,Inflect,NNG,JKS,여름/NNG/*+이/JKS/*
여름을,0,0,-500,NNG+JKO,*,T,여름을,Inflect,NNG,JKO,여름/NNG/*+을/JKO/*
여름은,0,0,-500,NNG+JX,*,T,여름은,Inflect,NNG,JX,여름/NNG/*+은/JX/*
여름도,0,0,-500,NNG+JX,*,F,여름도,Inflect,NNG,JX,여름/NNG/*+도/JX/*
여름만,0,0,-500,NNG+JX,*,T,여름만,Inflect,NNG,JX,여름/NNG/*+만/JX/*
여름에,0,0,-500,NNG+JKB,*,F,여름에,Inflect,NNG,JKB,여름/NNG/*+에/JKB/*
여름에서,0,0,-500,NNG+JKB,*,F,여름에서,Inflect,NNG,JKB,여름/NNG/*+에서/JKB/*
여름으로,0,0,-500,NNG+JKB,*,F,여름으로,Inflect,NNG,JKB,여름/NNG/*+으로/JKB/*
여름의,0,0,-500,NNG+JKG,*,F,여름의,Inflect,NNG,JKG,여름/NNG/*+의/JKG/*
여름과,0,0,-500,NNG+JC,*,F,여름과,Inflect,NNG,JC,여름/NNG/*+과/JC/*
가을이,0,0,-500,NNG+JKS,*,F,가을이,Inflect,NNG,JKS,가을/NNG/*+이/JKS/*
가을을,0,0,-500,NNG+JKO,*,T,가을을,Inflect,NNG,JKO,가을/NNG/*+을/JKO/*
가을은,0,0,-500,NNG+JX,*,T,가을은,Inflect,NNG,JX,가을/NNG/*+은/JX/*
가을도,0,0,-500,NNG+JX,*,F,가을도,Inflect,NNG,JX,가을/NNG/*+도/JX/*
가을만,0,0,-500,NNG+JX,*,T,가을만,Inflect,NNG,JX,가을/NNG/*+만/JX/*
가을에,0,0,-500,NNG+JKB,*,F,가을에,Inflect,NNG,JKB,가을/NNG/*+에/JKB/*
가을에서,0,0,-500,NNG+JKB,*,F,가을에서,Inflect,NNG,JKB,가을/NNG/*+에서/JKB/*
가을으로,0,0,-500,NNG+JKB,*,F,가을으로,Inflect,NNG,JKB,가을/NNG/*+으로/JKB/*
가을의,0,0,-500,NNG+JKG,*,F,가을의,Inflect,NNG,JKG,가을/NNG/*+의/JKG/*
가을과,0,0,-500,NNG+JC,*,F,가을과,Inflect,NNG,JC,가을/NNG/*+과/JC/*
겨울이,0,0,-500,NNG+JKS,*,F,겨울이,Inflect,NNG,JKS,겨울/NNG/*+이/JKS/*
겨울을,0,0,-500,NNG+JKO,*,T,겨울을,Inflect,NNG,JKO,겨울/NNG/*+을/JKO/*
겨울은,0,0,-500,NNG+JX,*,T,겨울은,Inflect,NNG,JX,겨울/NNG/*+은/JX/*
겨울도,0,0,-500,NNG+JX,*,F,겨울도,Inflect,NNG,JX,겨울/NNG/*+도/JX/*
겨울만,0,0,-500,NNG+JX,*,T,겨울만,Inflect,NNG,JX,겨울/NNG/*+만/JX/*
겨울에,0,0,-500,NNG+JKB,*,F,겨울에,Inflect,NNG,JKB,겨울/NNG/*+에/JKB/*
겨울에서,0,0,-500,NNG+JKB,*,F,겨울에서,Inflect,NNG,JKB,겨울/NNG/*+에서/JKB/*
겨울으로,0,0,-500,NNG+JKB,*,F,겨울으로,Inflect,NNG,JKB,겨울/NNG/*+으로/JKB/*
겨울의,0,0,-500,NNG+JKG,*,F,겨울의,Inflect,NNG,JKG,겨울/NNG/*+의/JKG/*
겨울과,0,0,-500,NNG+JC,*,F,겨울과,Inflect,NNG,JC,겨울/NNG/*+과/JC/*
날씨가,0,0,-500,NNG+JKS,*,F,날씨가,Inflect,NNG,JKS,날씨/NNG/*+가/JKS/*
날씨를,0,0,-500,NNG+JKO,*,T,날씨를,Inflect,NNG,JKO,날씨/NNG/*+를/JKO/*
날씨는,0,0,-500,NNG+JX,*,T,날씨는,Inflect,NNG,JX,날씨/NNG/*+는/JX/*
날씨도,0,0,-500,NNG+JX,*,F,날씨도,Inflect,NNG,JX,날씨/NNG/*+도/JX/*
날씨만,0,0,-500,NNG+JX,*,T,날씨만,Inflect,NNG,JX,날씨/NNG/*+만/JX/*
날씨에,0,0,-500,NNG+JKB,*,F,날씨에,Inflect,NNG,JKB,날씨/NNG/*+에/JKB/*
날씨에서,0,0,-500,NNG+JKB,*,F,날씨에서,Inflect,NNG,JKB,날씨/NNG/*+에서/JKB/*
날씨로,0,0,-500,NNG+JKB,*,F,날씨로,Inflect,NNG,JKB,날씨/NNG/*+로/JKB/*
날씨의,0,0,-500,NNG+JKG,*,F,날씨의,Inflect,NNG,JKG,날씨/NNG/*+의/JKG/*
날씨와,0,0,-500,NNG+JC,*,F,날씨와,Inflect,NNG,JC,날씨/NNG/*+와/JC/*
하늘이,0,0,-500,NNG+JKS,*,F,하늘이,Inflect,NNG,JKS,하늘/NNG/*+이/JKS/*
하늘을,0,0,-500,NNG+JKO,*,T,하늘을,Inflect,NNG,JKO,하늘/NNG/*+을/JKO/*
하늘은,0,0,-500,NNG+JX,*,T,하늘은,Inflect,NNG,JX,하늘/NNG/*+은/JX/*
하늘도,0,0,-500,NNG+JX,*,F,하늘도,Inflect,NNG,JX,하늘/NNG/*+도/JX/*
하늘만,0,0,-500,NNG+JX,*,T,하늘만,Inflect,NNG,JX,하늘/NNG/*+만/JX/*
하늘에,0,0,-500,NNG+JKB,*,F,하늘에,Inflect,NNG,JKB,하늘/NNG/*+에/JKB/*
하늘에서,0,0,-500,NNG+JKB,*,F,하늘에서,Inflect,NNG,JKB,하늘/NNG/*+에서/JKB/*
하늘으로,0,0,-500,NNG+JKB,*,F,하늘으로,Inflect,NNG,JKB,하늘/NNG/*+으로/JKB/*
하늘의,0,0,-500,NNG+JKG,*,F,하늘의,Inflect,NNG,JKG,하늘/NNG/*+의/JKG/*
하늘과,0,0,-500,NNG+JC,*,F,하늘과,Inflect,NNG,JC,하늘/NNG/*+과/JC/*
바다가,0,0,-500,NNG+JKS,*,F,바다가,Inflect,NNG,JKS,바다/NNG/*+가/JKS/*
바다를,0,0,-500,NNG+JKO,*,T,바다를,Inflect,NNG,JKO,바다/NNG/*+를/JKO/*
바다는,0,0,-500,NNG+JX,*,T,바다는,Inflect,NNG,JX,바다/NNG/*+는/JX/*
바다도,0,0,-500,NNG+JX,*,F,바다도,Inflect,NNG,JX,바다/NNG/*+도/JX/*
바다만,0,0,-500,NNG+JX,*,T,바다만,Inflect,NNG,JX,바다/NNG/*+만/JX/*
바다에,0,0,-500,NNG+JKB,*,F,바다에,Inflect,NNG,JKB,바다/NNG/*+에/JKB/*
바다에서,0,0,-500,NNG+JKB,*,F,바다에서,Inflect,NNG,JKB,바다/NNG/*+에서/JKB/*
바다로,0,0,-500,NNG+JKB,*,F,바다로,Inflect,NNG,JKB,바다/NNG/*+로/JKB/*
바다의,0,0,-500,NNG+JKG,*,F,바다의,Inflect,NNG,JKG,바다/NNG/*+의/JKG/*
바다와,0,0,-500,NNG+JC,*,F,바다와,Inflect,NNG,JC,바다/NNG/*+와/JC/*
산이,0,0,-500,NNG+JKS,*,F,산이,Inflect,NNG,JKS,산/NNG/*+이/JKS/*
산을,0,0,-500,NNG+JKO,*,T,산을,Inflect,NNG,JKO,산/NNG/*+을/JKO/*
산은,0,0,-500,NNG+JX,*,T,산은,Inflect,NNG,JX,산/NNG/*+은/JX/*
산도,0,0,-500,NNG+JX,*,F,산도,Inflect,NNG,JX,산/NNG/*+도/JX/*
산만,0,0,-500,NNG+JX,*,T,산만,Inflect,NNG,JX,산/NNG/*+만/JX/*
산에,0,0,-500,NNG+JKB,*,F,산에,Inflect,NNG,JKB,산/NNG/*+에/JKB/*
산에서,0,0,-500,NNG+JKB,*,F,산에서,Inflect,NNG,JKB,산/NNG/*+에서/JKB/*
산으로,0,0,-500,NNG+JKB,*,F,산으로,Inflect,NNG,JKB,산/NNG/*+으로/JKB/*
산의,0,0,-500,NNG+JKG,*,F,산의,Inflect,NNG,JKG,산/NNG/*+의/JKG/*
산과,0,0,-500,NNG+JC,*,F,산과,Inflect,NNG,JC,산/NNG/*+과/JC/*
강이,0,0,-500,NNG+JKS,*,F,강이,Inflect,NNG,JKS,강/NNG/*+이/JKS/*
강을,0,0,-500,NNG+JKO,*,T,강을,Inflect,NNG,JKO,강/NNG/*+을/JKO/*
강은,0,0,-500,NNG+JX,*,T,강은,Inflect,NNG,JX,강/NNG/*+은/JX/*
강도,0,0,-500,NNG+JX,*,F,강도,Inflect,NNG,JX,강/NNG/*+도/JX/*
강만,0,0,-500,NNG+JX,*,T,강만,Inflect,NNG,JX,강/NNG/*+만/JX/*
강에,0,0,-500,NNG+JKB,*,F,강에,Inflect,NNG,JKB,강/NNG/*+에/JKB/*
강에서,0,0,-500,NNG+JKB,*,F,강에서,Inflect,NNG,JKB,강/NNG/*+에서/JKB/*
강으로,0,0,-500,NNG+JKB,*,F,강으로,Inflect,NNG,JKB,강/NNG/*+으로/JKB/*
강의,0,0,-500,NNG+JKG,*,F,강의,Inflect,NNG,JKG,강/NNG/*+의/JKG/*
강과,0,0,-500,NNG+JC,*,F,강과,Inflect,NNG,JC,강/NNG/*+과/JC/*
도시가,0,0,-500,NNG+JKS,*,F,도시가,Inflect,NNG,JKS,도시/NNG/*+가/JKS/*
도시를,0,0,-500,NNG+JKO,*,T,도시를,Inflect,NNG,JKO,도시/NNG/*+를/JKO/*
도시는,0,0,-500,NNG+JX,*,T,도시는,Inflect,NNG,JX,도시/NNG/*+는/JX/*
도시도,0,0,-500,NNG+JX,*,F,도시도,Inflect,NNG,JX,도시/NNG/*+도/JX/*
도시만,0,0,-500,NNG+JX,*,T,도시만,Inflect,NNG,JX,도시/NNG/*+만/JX/*
도시에,0,0,-500,NNG+JKB,*,F,도시에,Inflect,NNG,JKB,도시/NNG/*+에/JKB/*
도시에서,0,0,-500,NNG+JKB,*,F,도시에서,Inflect,NNG,JKB,도시/NNG/*+에서/JKB/*
도시로,0,0,-500,NNG+JKB,*,F,도시로,Inflect,NNG,JKB,도시/NNG/*+로/JKB/*
도시의,0,0,-500,NNG+JKG,*,F,도시의,Inflect,NNG,JKG,도시/NNG/*+의/JKG/*
도시와,0,0,-500,NNG+JC,*,F,도시와,Inflect,NNG,JC,도시/NNG/*+와/JC/*
마을이,0,0,-500,NNG+JKS,*,F,마을이,Inflect,NNG,JKS,마을/NNG/*+이/JKS/*
마을을,0,0,-500,NNG+JKO,*,T,마을을,Inflect,NNG,JKO,마을/NNG/*+을/JKO/*
마을은,0,0,-500,NNG+JX,*,T,마을은,Inflect,NNG,JX,마을/NNG/*+은/JX/*
마을도,0,0,-500,NNG+JX,*,F,마을도,Inflect,NNG,JX,마을/NNG/*+도/JX/*
마을만,0,0,-500,NNG+JX,*,T,마을만,Inflect,NNG,JX,마을/NNG/*+만/JX/*
마을에,0,0,-500,NNG+JKB,*,F,마을에,Inflect,NNG,JKB,마을/NNG/*+에/JKB/*
마을에서,0,0,-500,NNG+JKB,*,F,마을에서,Inflect,NNG,JKB,마을/NNG/*+에서/JKB/*
마을으로,0,0,-500,NNG+JKB,*,F,마을으로,Inflect,NNG,JKB,마을/NNG/*+으로/JKB/*
마을의,0,0,-500,NNG+JKG,*,F,마을의,Inflect,NNG,JKG,마을/NNG/*+의/JKG/*
마을과,0,0,-500,NNG+JC,*,F,마을과,Inflect,NNG,JC,마을/NNG/*+과/JC/*
길이,0,0,-500,NNG+JKS,*,F,길이,Inflect,NNG,JKS,길/NNG/*+이/JKS/*
길을,0,0,-500,NNG+JKO,*,T,길을,Inflect,NNG,JKO,길/NNG/*+을/JKO/*
길은,0,0,-500,NNG+JX,*,T,길은,Inflect,NNG,JX,길/NNG/*+은/JX/*
길도,0,0,-500,NNG+JX,*,F,길도,Inflect,NNG,JX,길/NNG/*+도/JX/*
길만,0,0,-500,NNG+JX,*,T,길만,Inflect,NNG,JX,길/NNG/*+만/JX/*
길에,0,0,-500,NNG+JKB,*,F,길에,Inflect,NNG,JKB,길/NNG/*+에/JKB/*
길에서,0,0,-500,NNG+JKB,*,F,길에서,Inflect,NNG,JKB,길/NNG/*+에서/JKB/*
길으로,0,0,-500,NNG+JKB,*,F,길으로,Inflect,NNG,JKB,길/NNG/*+으로/JKB/*
길의,0,0,-500,NNG+JKG,*,F,길의,Inflect,NNG,JKG,길/NNG/*+의/JKG/*
길과,0,0,-500,NNG+JC,*,F,길과,Inflect,NNG,JC,길/NNG/*+과/JC/*
차가,0,0,-500,NNG+JKS,*,F,차가,Inflect,NNG,JKS,차/NNG/*+가/JKS/*
차를,0,0,-500,NNG+JKO,*,T,차를,Inflect,NNG,JKO,차/NNG/*+를/JKO/*
차는,0,0,-500,NNG+JX,*,T,차는,Inflect,NNG,JX,차/NNG/*+는/JX/*
차도,0,0,-500,NNG+JX,*,F,차도,Inflect,NNG,JX,차/NNG/*+도/JX/*
차만,0,0,-500,NNG+JX,*,T,차만,Inflect,NNG,JX,차/NNG/*+만/JX/*
차에,0,0,-500,NNG+JKB,*,F,차에,Inflect,NNG,JKB,차/NNG/*+에/JKB/*
차에서,0,0,-500,NNG+JKB,*,F,차에서,Inflect,NNG,JKB,차/NNG/*+에서/JKB/*
차로,0,0,-500,NNG+JKB,*,F,차로,Inflect,NNG,JKB,차/NNG/*+로/JKB/*
차의,0,0,-500,NNG+JKG,*,F,차의,Inflect,NNG,JKG,차/NNG/*+의/JKG/*
차와,0,0,-500,NNG+JC,*,F,차와,Inflect,NNG,JC,차/NNG/*+와/JC/*
버스가,0,0,-500,NNG+JKS,*,F,버스가,Inflect,NNG,JKS,버스/NNG/*+가/JKS/*
버스를,0,0,-500,NNG+JKO,*,T,버스를,Inflect,NNG,JKO,버스/NNG/*+를/JKO/*
버스는,0,0,-500,NNG+JX,*,T,버스는,Inflect,NNG,JX,버스/NNG/*+는/JX/*
버스도,0,0,-500,NNG+JX,*,F,버스도,Inflect,NNG,JX,버스/NNG/*+도/JX/*
버스만,0,0,-500,NNG+JX,*,T,버스만,Inflect,NNG,JX,버스/NNG/*+만/JX/*
버스에,0,0,-500,NNG+JKB,*,F,버스에,Inflect,NNG,JKB,버스/NNG/*+에/JKB/*
버스에서,0,0,-500,NNG+JKB,*,F,버스에서,Inflect,NNG,JKB,버스/NNG/*+에서/JKB/*
버스로,0,0,-500,NNG+JKB,*,F,버스로,Inflect,NNG,JKB,버스/NNG/*+로/JKB/*
버스의,0,0,-500,NNG+JKG,*,F,버스의,Inflect,NNG,JKG,버스/NNG/*+의/JKG/*
버스와,0,0,-500,NNG+JC,*,F,버스와,Inflect,NNG,JC,버스/NNG/*+와/JC/*
지하철이,0,0,-500,NNG+JKS,*,F,지하철이,Inflect,NNG,JKS,지하철/NNG/*+이/JKS/*
지하철을,0,0,-500,NNG+JKO,*,T,지하철을,Inflect,NNG,JKO,지하철/NNG/*+을/JKO/*
지하철은,0,0,-500,NNG+JX,*,T,지하철은,Inflect,NNG,JX,지하철/NNG/*+은/JX/*
지하철도,0,0,-500,NNG+JX,*,F,지하철도,Inflect,NNG,JX,지하철/NNG/*+도/JX/*
지하철만,0,0,-500,NNG+JX,*,T,지하철만,Inflect,NNG,JX,지하철/NNG/*+만/JX/*
지하철에,0,0,-500,NNG+JKB,*,F,지하철에,Inflect,NNG,JKB,지하철/NNG/*+에/JKB/*
지하철에서,0,0,-500,NNG+JKB,*,F,지하철에서,Inflect,NNG,JKB,지하철/NNG/*+에서/JKB/*
지하철으로,0,0,-500,NNG+JKB,*,F,지하철으로,Inflect,NNG,JKB,지하철/NNG/*+으로/JKB/*
지하철의,0,0,-500,NNG+JKG,*,F,지하철의,Inflect,NNG,JKG,지하철/NNG/*+의/JKG/*
지하철과,0,0,-500,NNG+JC,*,F,지하철과,Inflect,NNG,JC,지하철/NNG/*+과/JC/*
비행기가,0,0,-500,NNG+JKS,*,F,비행기가,Inflect,NNG,JKS,비행기/NNG/*+가/JKS/*
비행기를,0,0,-500,NNG+JKO,*,T,비행기를,Inflect,NNG,JKO,비행기/NNG/*+를/JKO/*
비행기는,0,0,-500,NNG+JX,*,T,비행기는,Inflect,NNG,JX,비행기/NNG/*+는/JX/*
비행기도,0,0,-500,NNG+JX,*,F,비행기도,Inflect,NNG,JX,비행기/NNG/*+도/JX/*
비행기만,0,0,-500,NNG+JX,*,T,비행기만,Inflect,NNG,JX,비행기/NNG/*+만/JX/*
비행기에,0,0,-500,NNG+JKB,*,F,비행기에,Inflect,NNG,JKB,비행기/NNG/*+에/JKB/*
비행기에서,0,0,-500,NNG+JKB,*,F,비행기에서,Inflect,NNG,JKB,비행기/NNG/*+에서/JKB/*
비행기로,0,0,-500,NNG+JKB,*,F,비행기로,Inflect,NNG,JKB,비행기/NNG/*+로/JKB/*
비행기의,0,0,-500,NNG+JKG,*,F,비행기의,Inflect,NNG,JKG,비행기/NNG/*+의/JKG/*
비행기와,0,0,-500,NNG+JC,*,F,비행기와,Inflect,NNG,JC,비행기/NNG/*+와/JC/*
배가,0,0,-500,NNG+JKS,*,F,배가,Inflect,NNG,JKS,배/NNG/*+가/JKS/*
배를,0,0,-500,NNG+JKO,*,T,배를,Inflect,NNG,JKO,배/NNG/*+를/JKO/*
배는,0,0,-500,NNG+JX,*,T,배는,Inflect,NNG,JX,배/NNG/*+는/JX/*
배도,0,0,-500,NNG+JX,*,F,배도,Inflect,NNG,JX,배/NNG/*+도/JX/*
배만,0,0,-500,NNG+JX,*,T,배만,Inflect,NNG,JX,배/NNG/*+만/JX/*
배에,0,0,-500,NNG+JKB,*,F,배에,Inflect,NNG,JKB,배/NNG/*+에/JKB/*
배에서,0,0,-500,NNG+JKB,*,F,배에서,Inflect,NNG,JKB,배/NNG/*+에서/JKB/*
배로,0,0,-500,NNG+JKB,*,F,배로,Inflect,NNG,JKB,배/NNG/*+로/JKB/*
배의,0,0,-500,NNG+JKG,*,F,배의,Inflect,NNG,JKG,배/NNG/*+의/JKG/*
배와,0,0,-500,NNG+JC,*,F,배와,Inflect,NNG,JC,배/NNG/*+와/JC/*
회사가,0,0,-500,NNG+JKS,*,F,회사가,Inflect,NNG,JKS,회사/NNG/*+가/JKS/*
회사를,0,0,-500,NNG+JKO,*,T,회사를,Inflect,NNG,JKO,회사/NNG/*+를/JKO/*
회사는,0,0,-500,NNG+JX,*,T,회사는,Inflect,NNG,JX,회사/NNG/*+는/JX/*
회사도,0,0,-500,NNG+JX,*,F,회사도,Inflect,NNG,JX,회사/NNG/*+도/JX/*
회사만,0,0,-500,NNG+JX,*,T,회사만,Inflect,NNG,JX,회사/NNG/*+만/JX/*
회사에,0,0,-500,NNG+JKB,*,F,회사에,Inflect,NNG,JKB,회사/NNG/*+에/JKB/*
회사에서,0,0,-500,NNG+JKB,*,F,회사에서,Inflect,NNG,JKB,회사/NNG/*+에서/JKB/*
회사로,0,0,-500,NNG+JKB,*,F,회사로,Inflect,NNG,JKB,회사/NNG/*+로/JKB/*
회사의,0,0,-500,NNG+JKG,*,F,회사의,Inflect,NNG,JKG,회사/NNG/*+의/JKG/*
회사와,0,0,-500,NNG+JC,*,F,회사와,Inflect,NNG,JC,회사/NNG/*+와/JC/*
직장이,0,0,-500,NNG+JKS,*,F,직장이,Inflect,NNG,JKS,직장/NNG/*+이/JKS/*
직장을,0,0,-500,NNG+JKO,*,T,직장을,Inflect,NNG,JKO,직장/NNG/*+을/JKO/*
직장은,0,0,-500,NNG+JX,*,T,직장은,Inflect,NNG,JX,직장/NNG/*+은/JX/*
직장도,0,0,-500,NNG+JX,*,F,직장도,Inflect,NNG,JX,직장/NNG/*+도/JX/*
직장만,0,0,-500,NNG+JX,*,T,직장만,Inflect,NNG,JX,직장/NNG/*+만/JX/*
직장에,0,0,-500,NNG+JKB,*,F,직장에,Inflect,NNG,JKB,직장/NNG/*+에/JKB/*
직장에서,0,0,-500,NNG+JKB,*,F,직장에서,Inflect,NNG,JKB,직장/NNG/*+에서/JKB/*
직장으로,0,0,-500,NNG+JKB,*,F,직장으로,Inflect,NNG,JKB,직장/NNG/*+으로/JKB/*
직장의,0,0,-500,NNG+JKG,*,F,직장의,Inflect,NNG,JKG,직장/NNG/*+의/JKG/*
직장과,0,0,-500,NNG+JC,*,F,직장과,Inflect,NNG,JC,직장/NNG/*+과/JC/*
학생이,0,0,-500,NNG+JKS,*,F,학생이,Inflect,NNG,JKS,학생/NNG/*+이/JKS/*
학생을,0,0,-500,NNG+JKO,*,T,학생을,Inflect,NNG,JKO,학생/NNG/*+을/JKO/*
학생은,0,0,-500,NNG+JX,*,T,학생은,Inflect,NNG,JX,학생/NNG/*+은/JX/*
학생도,0,0,-500,NNG+JX,*,F,학생도,Inflect,NNG,JX,학생/NNG/*+도/JX/*
학생만,0,0,-500,NNG+JX,*,T,학생만,Inflect,NNG,JX,학생/NNG/*+만/JX/*
학생에,0,0,-500,NNG+JKB,*,F,학생에,Inflect,NNG,JKB,학생/NNG/*+에/JKB/*
학생에서,0,0,-500,NNG+JKB,*,F,학생에서,Inflect,NNG,JKB,학생/NNG/*+에서/JKB/*
학생으로,0,0,-500,NNG+JKB,*,F,학생으로,Inflect,NNG,JKB,학생/NNG/*+으로/JKB/*
학생의,0,0,-500,NNG+JKG,*,F,학생의,Inflect,NNG,JKG,학생/NNG/*+의/JKG/*
학생과,0,0,-500,NNG+JC,*,F,학생과,Inflect,NNG,JC,학생/NNG/*+과/JC/*
선생님이,0,0,-500,NNG+JKS,*,F,선생님이,Inflect,NNG,JKS,선생님/NNG/*+이/JKS/*
선생님을,0,0,-500,NNG+JKO,*,T,선생님을,Inflect,NNG,JKO,선생님/NNG/*+을/JKO/*
선생님은,0,0,-500,NNG+JX,*,T,선생님은,Inflect,NNG,JX,선생님/NNG/*+은/JX/*
선생님도,0,0,-500,NNG+JX,*,F,선생님도,Inflect,NNG,JX,선생님/NNG/*+도/JX/*
선생님만,0,0,-500,NNG+JX,*,T,선생님만,Inflect,NNG,JX,선생님/NNG/*+만/JX/*
선생님에,0,0,-500,NNG+JKB,*,F,선생님에,Inflect,NNG,JKB,선생님/NNG/*+에/JKB/*
선생님에서,0,0,-500,NNG+JKB,*,F,선생님에서,Inflect,NNG,JKB,선생님/NNG/*+에서/JKB/*
선생님으로,0,0,-500,NNG+JKB,*,F,선생님으로,Inflect,NNG,JKB,선생님/NNG/*+으로/JKB/*
선생님의,0,0,-500,NNG+JKG,*,F,선생님의,Inflect,NNG,JKG,선생님/NNG/*+의/JKG/*
선생님과,0,0,-500,NNG+JC,*,F,선생님과,Inflect,NNG,JC,선생님/NNG/*+과/JC/*
의사가,0,0,-500,NNG+JKS,*,F,의사가,Inflect,NNG,JKS,의사/NNG/*+가/JKS/*
의사를,0,0,-500,NNG+JKO,*,T,의사를,Inflect,NNG,JKO,의사/NNG/*+를/JKO/*
의사는,0,0,-500,NNG+JX,*,T,의사는,Inflect,NNG,JX,의사/NNG/*+는/JX/*
의사도,0,0,-500,NNG+JX,*,F,의사도,Inflect,NNG,JX,의사/NNG/*+도/JX/*
의사만,0,0,-500,NNG+JX,*,T,의사만,Inflect,NNG,JX,의사/NNG/*+만/JX/*
의사에,0,0,-500,NNG+JKB,*,F,의사에,Inflect,NNG,JKB,의사/NNG/*+에/JKB/*
의사에서,0,0,-500,NNG+JKB,*,F,의사에서,Inflect,NNG,JKB,의사/NNG/*+에서/JKB/*
의사로,0,0,-500,NNG+JKB,*,F,의사로,Inflect,NNG,JKB,의사/NNG/*+로/JKB/*
의사의,0,0,-500,NNG+JKG,*,F,의사의,Inflect,NNG,JKG,의사/NNG/*+의/JKG/*
의사와,0,0,-500,NNG+JC,*,F,의사와,Inflect,NNG,JC,의사/NNG/*+와/JC/*
부모가,0,0,-500,NNG+JKS,*,F,부모가,Inflect,NNG,JKS,부모/NNG/*+가/JKS/*
부모를,0,0,-500,NNG+JKO,*,T,부모를,Inflect,NNG,JKO,부모/NNG/*+를/JKO/*
부모는,0,0,-500,NNG+JX,*,T,부모는,Inflect,NNG,JX,부모/NNG/*+는/JX/*
부모도,0,0,-500,NNG+JX,*,F,부모도,Inflect,NNG,JX,부모/NNG/*+도/JX/*
부모만,0,0,-500,NNG+JX,*,T,부모만,Inflect,NNG,JX,부모/NNG/*+만/JX/*
부모에,0,0,-500,NNG+JKB,*,F,부모에,Inflect,NNG,JKB,부모/NNG/*+에/JKB/*
부모에서,0,0,-500,NNG+JKB,*,F,부모에서,Inflect,NNG,JKB,부모/NNG/*+에서/JKB/*
부모로,0,0,-500,NNG+JKB,*,F,부모로,Inflect,NNG,JKB,부모/NNG/*+로/JKB/*
부모의,0,0,-500,NNG+JKG,*,F,부모의,Inflect,NNG,JKG,부모/NNG/*+의/JKG/*
부모와,0,0,-500,NNG+JC,*,F,부모와,Inflect,NNG,JC,부모/NNG/*+와/JC/*
형제가,0,0,-500,NNG+JKS,*,F,형제가,Inflect,NNG,JKS,형제/NNG/*+가/JKS/*
형제를,0,0,-500,NNG+JKO,*,T,형제를,Inflect,NNG,JKO,형제/NNG/*+를/JKO/*
형제는,0,0,-500,NNG+JX,*,T,형제는,Inflect,NNG,JX,형제/NNG/*+는/JX/*
형제도,0,0,-500,NNG+JX,*,F,형제도,Inflect,NNG,JX,형제/NNG/*+도/JX/*
형제만,0,0,-500,NNG+JX,*,T,형제만,Inflect,NNG,JX,형제/NNG/*+만/JX/*
형제에,0,0,-500,NNG+JKB,*,F,형제에,Inflect,NNG,JKB,형제/NNG/*+에/JKB/*
형제에서,0,0,-500,NNG+JKB,*,F,형제에서,Inflect,NNG,JKB,형제/NNG/*+에서/JKB/*
형제로,0,0,-500,NNG+JKB,*,F,형제로,Inflect,NNG,JKB,형제/NNG/*+로/JKB/*
형제의,0,0,-500,NNG+JKG,*,F,형제의,Inflect,NNG,JKG,형제/NNG/*+의/JKG/*
형제와,0,0,-500,NNG+JC,*,F,형제와,Inflect,NNG,JC,형제/NNG/*+와/JC/*
동생이,0,0,-500,NNG+JKS,*,F,동생이,Inflect,NNG,JKS,동생/NNG/*+이/JKS/*
동생을,0,0,-500,NNG+JKO,*,T,동생을,Inflect,NNG,JKO,동생/NNG/*+을/JKO/*
동생은,0,0,-500,NNG+JX,*,T,동생은,Inflect,NNG,JX,동생/NNG/*+은/JX/*
동생도,0,0,-500,NNG+JX,*,F,동생도,Inflect,NNG,JX,동생/NNG/*+도/JX/*
동생만,0,0,-500,NNG+JX,*,T,동생만,Inflect,NNG,JX,동생/NNG/*+만/JX/*
동생에,0,0,-500,NNG+JKB,*,F,동생에,Inflect,NNG,JKB,동생/NNG/*+에/JKB/*
동생에서,0,0,-500,NNG+JKB,*,F,동생에서,Inflect,NNG,JKB,동생/NNG/*+에서/JKB/*
동생으로,0,0,-500,NNG+JKB,*,F,동생으로,Inflect,NNG,JKB,동생/NNG/*+으로/JKB/*
동생의,0,0,-500,NNG+JKG,*,F,동생의,Inflect,NNG,JKG,동생/NNG/*+의/JKG/*
동생과,0,0,-500,NNG+JC,*,F,동생과,Inflect,NNG,JC,동생/NNG/*+과/JC/*
언니가,0,0,-500,NNG+JKS,*,F,언니가,Inflect,NNG,JKS,언니/NNG/*+가/JKS/*
언니를,0,0,-500,NNG+JKO,*,T,언니를,Inflect,NNG,JKO,언니/NNG/*+를/JKO/*
언니는,0,0,-500,NNG+JX,*,T,언니는,Inflect,NNG,JX,언니/NNG/*+는/JX/*
언니도,0,0,-500,NNG+JX,*,F,언니도,Inflect,NNG,JX,언니/NNG/*+도/JX/*
언니만,0,0,-500,NNG+JX,*,T,언니만,Inflect,NNG,JX,언니/NNG/*+만/JX/*
언니에,0,0,-500,NNG+JKB,*,F,언니에,Inflect,NNG,JKB,언니/NNG/*+에/JKB/*
언니에서,0,0,-500,NNG+JKB,*,F,언니에서,Inflect,NNG,JKB,언니/NNG/*+에서/JKB/*
언니로,0,0,-500,NNG+JKB,*,F,언니로,Inflect,NNG,JKB,언니/NNG/*+로/JKB/*
언니의,0,0,-500,NNG+JKG,*,F,언니의,Inflect,NNG,JKG,언니/NNG/*+의/JKG/*
언니와,0,0,-500,NNG+JC,*,F,언니와,Inflect,NNG,JC,언니/NNG/*+와/JC/*
오빠가,0,0,-500,NNG+JKS,*,F,오빠가,Inflect,NNG,JKS,오빠/NNG/*+가/JKS/*
오빠를,0,0,-500,NNG+JKO,*,T,오빠를,Inflect,NNG,JKO,오빠/NNG/*+를/JKO/*
오빠는,0,0,-500,NNG+JX,*,T,오빠는,Inflect,NNG,JX,오빠/NNG/*+는/JX/*
오빠도,0,0,-500,NNG+JX,*,F,오빠도,Inflect,NNG,JX,오빠/NNG/*+도/JX/*
오빠만,0,0,-500,NNG+JX,*,T,오빠만,Inflect,NNG,JX,오빠/NNG/*+만/JX/*
오빠에,0,0,-500,NNG+JKB,*,F,오빠에,Inflect,NNG,JKB,오빠/NNG/*+에/JKB/*
오빠에서,0,0,-500,NNG+JKB,*,F,오빠에서,Inflect,NNG,JKB,오빠/NNG/*+에서/JKB/*
오빠로,0,0,-500,NNG+JKB,*,F,오빠로,Inflect,NNG,JKB,오빠/NNG/*+로/JKB/*
오빠의,0,0,-500,NNG+JKG,*,F,오빠의,Inflect,NNG,JKG,오빠/NNG/*+의/JKG/*
오빠와,0,0,-500,NNG+JC,*,F,오빠와,Inflect,NNG,JC,오빠/NNG/*+와/JC/*
누나가,0,0,-500,NNG+JKS,*,F,누나가,Inflect,NNG,JKS,누나/NNG/*+가/JKS/*
누나를,0,0,-500,NNG+JKO,*,T,누나를,Inflect,NNG,JKO,누나/NNG/*+를/JKO/*
누나는,0,0,-500,NNG+JX,*,T,누나는,Inflect,NNG,JX,누나/NNG/*+는/JX/*
누나도,0,0,-500,NNG+JX,*,F,누나도,Inflect,NNG,JX,누나/NNG/*+도/JX/*
누나만,0,0,-500,NNG+JX,*,T,누나만,Inflect,NNG,JX,누나/NNG/*+만/JX/*
누나에,0,0,-500,NNG+JKB,*,F,누나에,Inflect,NNG,JKB,누나/NNG/*+에/JKB/*
누나에서,0,0,-500,NNG+JKB,*,F,누나에서,Inflect,NNG,JKB,누나/NNG/*+에서/JKB/*
누나로,0,0,-500,NNG+JKB,*,F,누나로,Inflect,NNG,JKB,누나/NNG/*+로/JKB/*
누나의,0,0,-500,NNG+JKG,*,F,누나의,Inflect,NNG,JKG,누나/NNG/*+의/JKG/*
누나와,0,0,-500,NNG+JC,*,F,누나와,Inflect,NNG,JC,누나/NNG/*+와/JC/*
할머니가,0,0,-500,NNG+JKS,*,F,할머니가,Inflect,NNG,JKS,할머니/NNG/*+가/JKS/*
할머니를,0,0,-500,NNG+JKO,*,T,할머니를,Inflect,NNG,JKO,할머니/NNG/*+를/JKO/*
할머니는,0,0,-500,NNG+JX,*,T,할머니는,Inflect,NNG,JX,할머니/NNG/*+는/JX/*
할머니도,0,0,-500,NNG+JX,*,F,할머니도,Inflect,NNG,JX,할머니/NNG/*+도/JX/*
할머니만,0,0,-500,NNG+JX,*,T,할머니만,Inflect,NNG,JX,할머니/NNG/*+만/JX/*
할머니에,0,0,-500,NNG+JKB,*,F,할머니에,Inflect,NNG,JKB,할머니/NNG/*+에/JKB/*
할머니에서,0,0,-500,NNG+JKB,*,F,할머니에서,Inflect,NNG,JKB,할머니/NNG/*+에서/JKB/*
할머니로,0,0,-500,NNG+JKB,*,F,할머니로,Inflect,NNG,JKB,할머니/NNG/*+로/JKB/*
할머니의,0,0,-500,NNG+JKG,*,F,할머니의,Inflect,NNG,JKG,할머니/NNG/*+의/JKG/*
할머니와,0,0,-500,NNG+JC,*,F,할머니와,Inflect,NNG,JC,할머니/NNG/*+와/JC/*
할아버지가,0,0,-500,NNG+JKS,*,F,할아버지가,Inflect,NNG,JKS,할아버지/NNG/*+가/JKS/*
할아버지를,0,0,-500,NNG+JKO,*,T,할아버지를,Inflect,NNG,JKO,할아버지/NNG/*+를/JKO/*
할아버지는,0,0,-500,NNG+JX,*,T,할아버지는,Inflect,NNG,JX,할아버지/NNG/*+는/JX/*
할아버지도,0,0,-500,NNG+JX,*,F,할아버지도,Inflect,NNG,JX,할아버지/NNG/*+도/JX/*
할아버지만,0,0,-500,NNG+JX,*,T,할아버지만,Inflect,NNG,JX,할아버지/NNG/*+만/JX/*
할아버지에,0,0,-500,NNG+JKB,*,F,할아버지에,Inflect,NNG,JKB,할아버지/NNG/*+에/JKB/*
할아버지에서,0,0,-500,NNG+JKB,*,F,할아버지에서,Inflect,NNG,JKB,할아버지/NNG/*+에서/JKB/*
할아버지로,0,0,-500,NNG+JKB,*,F,할아버지로,Inflect,NNG,JKB,할아버지/NNG/*+로/JKB/*
할아버지의,0,0,-500,NNG+JKG,*,F,할아버지의,Inflect,NNG,JKG,할아버지/NNG/*+의/JKG/*
할아버지와,0,0,-500,NNG+JC,*,F,할아버지와,Inflect,NNG,JC,할아버지/NNG/*+와/JC/*
아들이,0,0,-500,NNG+JKS,*,F,아들이,Inflect,NNG,JKS,아들/NNG/*+이/JKS/*
아들을,0,0,-500,NNG+JKO,*,T,아들을,Inflect,NNG,JKO,아들/NNG/*+을/JKO/*
아들은,0,0,-500,NNG+JX,*,T,아들은,Inflect,NNG,JX,아들/NNG/*+은/JX/*
아들도,0,0,-500,NNG+JX,*,F,아들도,Inflect,NNG,JX,아들/NNG/*+도/JX/*
아들만,0,0,-500,NNG+JX,*,T,아들만,Inflect,NNG,JX,아들/NNG/*+만/JX/*
아들에,0,0,-500,NNG+JKB,*,F,아들에,Inflect,NNG,JKB,아들/NNG/*+에/JKB/*
아들에서,0,0,-500,NNG+JKB,*,F,아들에서,Inflect,NNG,JKB,아들/NNG/*+에서/JKB/*
아들으로,0,0,-500,NNG+JKB,*,F,아들으로,Inflect,NNG,JKB,아들/NNG/*+으로/JKB/*
아들의,0,0,-500,NNG+JKG,*,F,아들의,Inflect,NNG,JKG,아들/NNG/*+의/JKG/*
아들과,0,0,-500,NNG+JC,*,F,아들과,Inflect,NNG,JC,아들/NNG/*+과/JC/*
딸이,0,0,-500,NNG+JKS,*,F,딸이,Inflect,NNG,JKS,딸/NNG/*+이/JKS/*
딸을,0,0,-500,NNG+JKO,*,T,딸을,Inflect,NNG,JKO,딸/NNG/*+을/JKO/*
딸은,0,0,-500,NNG+JX,*,T,딸은,Inflect,NNG,JX,딸/NNG/*+은/JX/*
딸도,0,0,-500,NNG+JX,*,F,딸도,Inflect,NNG,JX,딸/NNG/*+도/JX/*
딸만,0,0,-500,NNG+JX,*,T,딸만,Inflect,NNG,JX,딸/NNG/*+만/JX/*
딸에,0,0,-500,NNG+JKB,*,F,딸에,Inflect,NNG,JKB,딸/NNG/*+에/JKB/*
딸에서,0,0,-500,NNG+JKB,*,F,딸에서,Inflect,NNG,JKB,딸/NNG/*+에서/JKB/*
딸으로,0,0,-500,NNG+JKB,*,F,딸으로,Inflect,NNG,JKB,딸/NNG/*+으로/JKB/*
딸의,0,0,-500,NNG+JKG,*,F,딸의,Inflect,NNG,JKG,딸/NNG/*+의/JKG/*
딸과,0,0,-500,NNG+JC,*,F,딸과,Inflect,NNG,JC,딸/NNG/*+과/JC/*
나가,0,0,-600,NP+JKS,*,F,나가,Inflect,NP,JKS,나/NP/*+가/JKS/*
나를,0,0,-600,NP+JKO,*,T,나를,Inflect,NP,JKO,나/NP/*+를/JKO/*
나는,0,0,-600,NP+JX,*,T,나는,Inflect,NP,JX,나/NP/*+는/JX/*
나도,0,0,-600,NP+JX,*,F,나도,Inflect,NP,JX,나/NP/*+도/JX/*
나만,0,0,-600,NP+JX,*,T,나만,Inflect,NP,JX,나/NP/*+만/JX/*
나에,0,0,-600,NP+JKB,*,F,나에,Inflect,NP,JKB,나/NP/*+에/JKB/*
나에서,0,0,-600,NP+JKB,*,F,나에서,Inflect,NP,JKB,나/NP/*+에서/JKB/*
나로,0,0,-600,NP+JKB,*,F,나로,Inflect,NP,JKB,나/NP/*+로/JKB/*
나의,0,0,-600,NP+JKG,*,F,나의,Inflect,NP,JKG,나/NP/*+의/JKG/*
나와,0,0,-600,NP+JC,*,F,나와,Inflect,NP,JC,나/NP/*+와/JC/*
너가,0,0,-600,NP+JKS,*,F,너가,Inflect,NP,JKS,너/NP/*+가/JKS/*
너를,0,0,-600,NP+JKO,*,T,너를,Inflect,NP,JKO,너/NP/*+를/JKO/*
너는,0,0,-600,NP+JX,*,T,너는,Inflect,NP,JX,너/NP/*+는/JX/*
너도,0,0,-600,NP+JX,*,F,너도,Inflect,NP,JX,너/NP/*+도/JX/*
너만,0,0,-600,NP+JX,*,T,너만,Inflect,NP,JX,너/NP/*+만/JX/*
너에,0,0,-600,NP+JKB,*,F,너에,Inflect,NP,JKB,너/NP/*+에/JKB/*
너에서,0,0,-600,NP+JKB,*,F,너에서,Inflect,NP,JKB,너/NP/*+에서/JKB/*
너로,0,0,-600,NP+JKB,*,F,너로,Inflect,NP,JKB,너/NP/*+로/JKB/*
너의,0,0,-600,NP+JKG,*,F,너의,Inflect,NP,JKG,너/NP/*+의/JKG/*
너와,0,0,-600,NP+JC,*,F,너와,Inflect,NP,JC,너/NP/*+와/JC/*
저가,0,0,-600,NP+JKS,*,F,저가,Inflect,NP,JKS,저/NP/*+가/JKS/*
저를,0,0,-600,NP+JKO,*,T,저를,Inflect,NP,JKO,저/NP/*+를/JKO/*
저는,0,0,-600,NP+JX,*,T,저는,Inflect,NP,JX,저/NP/*+는/JX/*
저도,0,0,-600,NP+JX,*,F,저도,Inflect,NP,JX,저/NP/*+도/JX/*
저만,0,0,-600,NP+JX,*,T,저만,Inflect,NP,JX,저/NP/*+만/JX/*
저에,0,0,-600,NP+JKB,*,F,저에,Inflect,NP,JKB,저/NP/*+에/JKB/*
저에서,0,0,-600,NP+JKB,*,F,저에서,Inflect,NP,JKB,저/NP/*+에서/JKB/*
저로,0,0,-600,NP+JKB,*,F,저로,Inflect,NP,JKB,저/NP/*+로/JKB/*
저의,0,0,-600,NP+JKG,*,F,저의,Inflect,NP,JKG,저/NP/*+의/JKG/*
저와,0,0,-600,NP+JC,*,F,저와,Inflect,NP,JC,저/NP/*+와/JC/*
우리가,0,0,-600,NP+JKS,*,F,우리가,Inflect,NP,JKS,우리/NP/*+가/JKS/*
우리를,0,0,-600,NP+JKO,*,T,우리를,Inflect,NP,JKO,우리/NP/*+를/JKO/*
우리는,0,0,-600,NP+JX,*,T,우리는,Inflect,NP,JX,우리/NP/*+는/JX/*
우리도,0,0,-600,NP+JX,*,F,우리도,Inflect,NP,JX,우리/NP/*+도/JX/*
우리만,0,0,-600,NP+JX,*,T,우리만,Inflect,NP,JX,우리/NP/*+만/JX/*
우리에,0,0,-600,NP+JKB,*,F,우리에,Inflect,NP,JKB,우리/NP/*+에/JKB/*
우리에서,0,0,-600,NP+JKB,*,F,우리에서,Inflect,NP,JKB,우리/NP/*+에서/JKB/*
우리로,0,0,-600,NP+JKB,*,F,우리로,Inflect,NP,JKB,우리/NP/*+로/JKB/*
우리의,0,0,-600,NP+JKG,*,F,우리의,Inflect,NP,JKG,우리/NP/*+의/JKG/*
우리와,0,0,-600,NP+JC,*,F,우리와,Inflect,NP,JC,우리/NP/*+와/JC/*
그가,0,0,-600,NP+JKS,*,F,그가,Inflect,NP,JKS,그/NP/*+가/JKS/*
그를,0,0,-600,NP+JKO,*,T,그를,Inflect,NP,JKO,그/NP/*+를/JKO/*
그는,0,0,-600,NP+JX,*,T,그는,Inflect,NP,JX,그/NP/*+는/JX/*
그도,0,0,-600,NP+JX,*,F,그도,Inflect,NP,JX,그/NP/*+도/JX/*
그만,0,0,-600,NP+JX,*,T,그만,Inflect,NP,JX,그/NP/*+만/JX/*
그에,0,0,-600,NP+JKB,*,F,그에,Inflect,NP,JKB,그/NP/*+에/JKB/*
그에서,0,0,-600,NP+JKB,*,F,그에서,Inflect,NP,JKB,그/NP/*+에서/JKB/*
그로,0,0,-600,NP+JKB,*,F,그로,Inflect,NP,JKB,그/NP/*+로/JKB/*
그의,0,0,-600,NP+JKG,*,F,그의,Inflect,NP,JKG,그/NP/*+의/JKG/*
그와,0,0,-600,NP+JC,*,F,그와,Inflect,NP,JC,그/NP/*+와/JC/*
